ID,YEAR,STATE,FIRST,LAST,DISTRICT,CANDIDATE,PARTY,CANDTOTAL,WINNER,RaceFundPerc
DONYOUNG2010AK1,2010,AK,DON,YOUNG,1,DON YOUNG,R,575120,1,0.845499865
HARRYCRAWFORD2010AK1,2010,AK,HARRY,CRAWFORD,1,HARRY CRAWFORD,D,105093,0,0.154500135
JOEMILLER2010AKS,2010,AK,JOE,MILLER,S,JOE MILLER,R,1146625,0,0.272622463
SCOTTMCADAMS2010AKS,2010,AK,SCOTT,MCADAMS,S,SCOTT MCADAMS,D,422918,0,0.100553317
JOBONNER2010AL1,2010,AL,JO,BONNER,1,JO BONNER,R,560033,1,1
MARTHAROBY2010AL2,2010,AL,MARTHA,ROBY,2,MARTHA ROBY,R,765001,1,0.492428836
BOBBYBRIGHT2010AL2,2010,AL,BOBBY,BRIGHT,2,BOBBY BRIGHT,D,788525,0,0.507571164
MIKEROGERS2010AL3,2010,AL,MIKE,ROGERS,3,MIKE D ROGERS,R,640897,1,0.992258828
ROBERTADERHOLT2010AL4,2010,AL,ROBERT,ADERHOLT,4,ROBERT B ADERHOLT,R,423156,1,1
STEPHENRABY2010AL5,2010,AL,STEPHEN,RABY,5,STEPHEN RABY,D,536370,0,0.514882907
MOBROOKS2010AL5,2010,AL,MO,BROOKS,5,MO BROOKS,R,505362,1,0.485117093
SPENCERBACHUS2010AL6,2010,AL,SPENCER,BACHUS,6,SPENCER BACHUS,R,1216760,1,1
TERRISEWELL2010AL7,2010,AL,TERRI,SEWELL,7,TERRI A SEWELL,D,1043618,1,0.993762903
DONCHAMBERLAIN2010AL7,2010,AL,DON,CHAMBERLAIN,7,DON CHAMBERLAIN,R,6550,0,0.006237097
CHADCAUSEY2010AR1,2010,AR,CHAD,CAUSEY,1,CHAD CAUSEY,D,920562,0,0.579646065
RICKCRAWFORD2010AR1,2010,AR,RICK,CRAWFORD,1,RICK CRAWFORD,R,667583,1,0.420353935
TIMGRIFFIN2010AR2,2010,AR,TIM,GRIFFIN,2,TIM GRIFFIN,R,1083841,1,0.634509006
JOYCEELLIOTT2010AR2,2010,AR,JOYCE,ELLIOTT,2,JOYCE ELLIOTT,D,624316,0,0.365490994
STEVEWOMACK2010AR3,2010,AR,STEVE,WOMACK,3,STEVE WOMACK,R,417608,1,0.948337489
DAVIDWHITAKER2010AR3,2010,AR,DAVID,WHITAKER,3,DAVID JEFFREY WHITAKER,D,22750,0,0.051662511
BETHRANKIN2010AR4,2010,AR,BETH,RANKIN,4,BETH ANNE RANKIN,R,262905,0,0.15897025
MIKEROSS2010AR4,2010,AR,MIKE,ROSS,4,MIKE ROSS,D,1390895,1,0.84102975
TREVORDROWN2010ARS,2010,AR,TREVOR,DROWN,S,TREVOR DROWN,I,18850,0,0.001955163
PAULGOSAR2010AZ1,2010,AZ,PAUL,GOSAR,1,PAUL GOSAR,R,780931,1,0.397069359
ANNKIRKPATRICK2010AZ1,2010,AZ,ANN,KIRKPATRICK,1,ANN KIRKPATRICK,D,1185806,0,0.602930641
TRENTFRANKS2010AZ2,2010,AZ,TRENT,FRANKS,2,TRENT FRANKS,R,313762,1,0.979398306
JOHNTHRASHER2010AZ2,2010,AZ,JOHN,THRASHER,2,JOHN THRASHER,D,6600,0,0.020601694
BENQUAYLE2010AZ3,2010,AZ,BEN,QUAYLE,3,BEN QUAYLE,R,1691689,1,0.692444784
JONHULBURD2010AZ3,2010,AZ,JON,HULBURD,3,JON HULBURD,D,751378,0,0.307555216
EDPASTOR2010AZ4,2010,AZ,ED,PASTOR,4,ED PASTOR,D,657118,1,0.973832759
JANETCONTRERAS2010AZ4,2010,AZ,JANET,CONTRERAS,4,JANET L CONTRERAS,R,17657,0,0.026167241
HARRYMITCHELL2010AZ5,2010,AZ,HARRY,MITCHELL,5,HARRY MITCHELL,D,1196617,0,0.597034429
DAVIDSCHWEIKERT2010AZ5,2010,AZ,DAVID,SCHWEIKERT,5,DAVID SCHWEIKERT,R,807651,1,0.402965571
JEFFFLAKE2010AZ6,2010,AZ,JEFF,FLAKE,6,JEFF FLAKE,R,302550,1,1
RUTHMCCLUNG2010AZ7,2010,AZ,RUTH,MCCLUNG,7,RUTH MCCLUNG,R,287450,0,0.266854193
RAULGRIJALVA2010AZ7,2010,AZ,RAUL,GRIJALVA,7,RAUL M GRIJALVA,D,789730,1,0.733145807
JESSEKELLY2010AZ8,2010,AZ,JESSE,KELLY,8,JESSE KELLY,R,809911,0,0.313927023
IANGILYEAT2010AZS,2010,AZ,IAN,GILYEAT,S,IAN GILYEAT,I,5750,0,0.001219345
LORENHANKS2010CA1,2010,CA,LOREN,HANKS,1,LOREN L HANKS,R,32902,0,0.026998684
MIKETHOMPSON2010CA1,2010,CA,MIKE,THOMPSON,1,MIKE THOMPSON,D,1185750,1,0.973001316
JOHNGARAMENDI2010CA10,2010,CA,JOHN,GARAMENDI,10,JOHN GARAMENDI,D,1130369,1,0.996342062
GARYCLIFT2010CA10,2010,CA,GARY,CLIFT,10,GARY W CLIFT,R,4150,0,0.003657938
DAVIDHARMER2010CA11,2010,CA,DAVID,HARMER,11,DAVID JEFFREY HARMER,R,1486112,0,0.449374491
JACKIESPEIER2010CA12,2010,CA,JACKIE,SPEIER,12,JACKIE SPEIER,D,709533,1,1
PETESTARK2010CA13,2010,CA,PETE,STARK,13,PETE STARK,D,472201,1,0.994000644
ANNAESHOO2010CA14,2010,CA,ANNA,ESHOO,14,ANNA ESHOO,D,1039263,1,1
MIKEHONDA2010CA15,2010,CA,MIKE,HONDA,15,MIKE HONDA,D,511632,1,0.932785657
SCOTTKIRKLAND2010CA15,2010,CA,SCOTT,KIRKLAND,15,SCOTT KIRKLAND,R,36867,0,0.067214343
ZOELOFGREN2010CA16,2010,CA,ZOE,LOFGREN,16,ZOE LOFGREN,D,583915,1,0.963134933
EDWARDGONZALEZ2010CA16,2010,CA,EDWARD,GONZALEZ,16,EDWARD M GONZALEZ,I,22350,0,0.036865067
JEFFTAYLOR2010CA17,2010,CA,JEFF,TAYLOR,17,JEFF TAYLOR,R,13450,0,0.028796787
SAMFARR2010CA17,2010,CA,SAM,FARR,17,SAM FARR,D,453616,1,0.971203213
DENNISCARDOZA2010CA18,2010,CA,DENNIS,CARDOZA,18,DENNIS CARDOZA,D,756160,1,0.911199721
MIKEBERRYHILL2010CA18,2010,CA,MIKE,BERRYHILL,18,MIKE BERRYHILL,R,73691,0,0.088800279
JEFFDENHAM2010CA19,2010,CA,JEFF,DENHAM,19,JEFF DENHAM,R,695672,1,0.999281787
WALLYHERGER2010CA2,2010,CA,WALLY,HERGER,2,WALLY HERGER,R,671671,1,0.964526246
JAMESREED2010CA2,2010,CA,JAMES,REED,2,JAMES E REED,D,24703,0,0.035473754
ANDYVIDAK2010CA20,2010,CA,ANDY,VIDAK,20,ANDY VIDAK,R,574635,0,0.346608946
JIMCOSTA2010CA20,2010,CA,JIM,COSTA,20,JIM COSTA,D,1083242,1,0.653391054
DEVINNUNES2010CA21,2010,CA,DEVIN,NUNES,21,DEVIN NUNES,R,867974,1,1
KEVINMCCARTHY2010CA22,2010,CA,KEVIN,MCCARTHY,22,KEVIN MCCARTHY,R,1208875,1,1
THOMASWATSON2010CA23,2010,CA,THOMAS,WATSON,23,THOMAS C WATSON,R,363846,0,0.375225463
LOISCAPPS2010CA23,2010,CA,LOIS,CAPPS,23,LOIS CAPPS,D,605827,1,0.624774537
TIMOTHYALLISON2010CA24,2010,CA,TIMOTHY,ALLISON,24,TIMOTHY JAMES ALLISON,D,104490,0,0.221517444
ELTONGALLEGLY2010CA24,2010,CA,ELTON,GALLEGLY,24,ELTON GALLEGLY,R,367211,1,0.778482556
BUCKMCKEON2010CA25,2010,CA,BUCK,MCKEON,25,BUCK MCKEON,R,588392,1,0.998472744
RUSSELLWARNER2010CA26,2010,CA,RUSSELL,WARNER,26,RUSSELL WARNER,D,162116,0,0.168417335
DAVIDDREIER2010CA26,2010,CA,DAVID,DREIER,26,DAVID DREIER,R,799319,1,0.830387966
BRADSHERMAN2010CA27,2010,CA,BRAD,SHERMAN,27,BRAD SHERMAN,D,1048584,1,0.939838147
MARKREED2010CA27,2010,CA,MARK,REED,27,MARK REED,R,67123,0,0.060161853
HOWARDBERMAN2010CA28,2010,CA,HOWARD,BERMAN,28,HOWARD L BERMAN,D,1285484,1,0.990484145
ERIKFROYD2010CA28,2010,CA,ERIK,FROYD,28,ERIK MERLIN FROYD,R,12350,0,0.009515855
ADAMSCHIFF2010CA29,2010,CA,ADAM,SCHIFF,29,ADAM SCHIFF,D,754909,1,0.799941719
JOHNCOLBERT2010CA29,2010,CA,JOHN,COLBERT,29,JOHN COLBERT,R,188796,0,0.200058281
AMIBERA2010CA3,2010,CA,AMI,BERA,3,AMI BERA,D,1317471,0,0.543256319
DANLUNGREN2010CA3,2010,CA,DAN,LUNGREN,3,DAN LUNGREN,R,1107666,1,0.456743681
ERICHMILLER2010CA30,2010,CA,ERICH,MILLER,30,ERICH D MILLER,I,650,0,0.000566982
CHARLESWILKERSON2010CA30,2010,CA,CHARLES,WILKERSON,30,CHARLES EDWARD WILKERSON,R,13324,0,0.011622257
HENRYWAXMAN2010CA30,2010,CA,HENRY,WAXMAN,30,HENRY WAXMAN,D,1132447,1,0.987810761
XAVIERBECERRA2010CA31,2010,CA,XAVIER,BECERRA,31,XAVIER BECERRA,D,1243799,1,0.993966511
STEPHENSMITH2010CA31,2010,CA,STEPHEN,SMITH,31,STEPHEN C SMITH,R,7550,0,0.006033489
JUDYCHU2010CA32,2010,CA,JUDY,CHU,32,JUDY CHU,D,1212905,1,1
KARENBASS2010CA33,2010,CA,KAREN,BASS,33,KAREN BASS,D,532800,1,0.996260284
LUCILLEROYBALALLARD2010CA34,2010,CA,LUCILLE,ROYBALALLARD,34,LUCILLE ROYBALALLARD,D,447628,1,1
MAXINEWATERS2010CA35,2010,CA,MAXINE,WATERS,35,MAXINE WATERS,D,219420,1,0.987666547
MATTIEFEIN2010CA36,2010,CA,MATTIE,FEIN,36,MATTIE FEIN,R,18400,0,0.022887195
JANEHARMAN2010CA36,2010,CA,JANE,HARMAN,36,JANE HARMAN,D,785543,1,0.977112805
STARPARKER2010CA37,2010,CA,STAR,PARKER,37,STAR PARKER,R,454763,0,0.536744242
LAURARICHARDSON2010CA37,2010,CA,LAURA,RICHARDSON,37,LAURA RICHARDSON,D,392499,1,0.463255758
GRACENAPOLITANO2010CA38,2010,CA,GRACE,NAPOLITANO,38,GRACE NAPOLITANO,D,257440,1,1
LARRYANDRE2010CA39,2010,CA,LARRY,ANDRE,39,LARRY ANDRE,R,6814,0,0.013155075
LINDASANCHEZ2010CA39,2010,CA,LINDA,SANCHEZ,39,LINDA SANCHEZ,D,511161,1,0.986844925
TOMMCCLINTOCK2010CA4,2010,CA,TOM,MCCLINTOCK,4,TOM MCCLINTOCK,R,555527,1,0.964381255
CLINTCURTIS2010CA4,2010,CA,CLINT,CURTIS,4,CLINT CURTIS,D,14130,0,0.024529334
EDROYCE2010CA40,2010,CA,ED,ROYCE,40,ED ROYCE,R,1137068,1,1
JERRYLEWIS2010CA41,2010,CA,JERRY,LEWIS,41,JERRY LEWIS,R,492800,1,0.974542837
GARYMILLER2010CA42,2010,CA,GARY,MILLER,42,GARY MILLER,R,432849,1,1
JOEBACA2010CA43,2010,CA,JOE,BACA,43,JOE BACA,D,443057,1,0.984993564
SCOTTFOLKENS2010CA43,2010,CA,SCOTT,FOLKENS,43,SCOTT FOLKENS,R,6750,0,0.015006436
KENCALVERT2010CA44,2010,CA,KEN,CALVERT,44,KEN CALVERT,R,1012614,1,0.791491158
BILLHEDRICK2010CA44,2010,CA,BILL,HEDRICK,44,BILL HEDRICK,D,266761,0,0.208508842
STEPHENPOUGNET2010CA45,2010,CA,STEPHEN,POUGNET,45,STEPHEN P POUGNET,D,1006061,0,0.429729223
MARYMACK2010CA45,2010,CA,MARY,MACK,45,MARY BONO MACK,R,1335090,1,0.570270777
DANAROHRABACHER2010CA46,2010,CA,DANA,ROHRABACHER,46,DANA ROHRABACHER,R,254108,1,0.98383556
KENNETHARNOLD2010CA46,2010,CA,KENNETH,ARNOLD,46,KENNETH ARNOLD,D,4175,0,0.01616444
VANTRAN2010CA47,2010,CA,VAN,TRAN,47,VAN TRAN,R,629873,0,0.335432606
LORETTASANCHEZ2010CA47,2010,CA,LORETTA,SANCHEZ,47,LORETTA SANCHEZ,D,1217026,1,0.648115101
CECILIAIGLESIAS2010CA47,2010,CA,CECILIA,IGLESIAS,47,CECILIA PATRICIA IGLESIAS,I,30894,0,0.016452293
JOHNCAMPBELL2010CA48,2010,CA,JOHN,CAMPBELL,48,JOHN CAMPBELL,R,848215,1,0.725162222
BETHKROM2010CA48,2010,CA,BETH,KROM,48,BETH KROM,D,321475,0,0.274837778
DARRELLISSA2010CA49,2010,CA,DARRELL,ISSA,49,DARRELL ISSA,R,724247,1,0.996104962
HOWARDKATZ2010CA49,2010,CA,HOWARD,KATZ,49,HOWARD LOUIS KATZ,D,2832,0,0.003895038
DORISMATSUI2010CA5,2010,CA,DORIS,MATSUI,5,DORIS O MATSUI,D,567819,1,0.993543409
PAULSMITH2010CA5,2010,CA,PAUL,SMITH,5,PAUL SMITH,R,3690,0,0.006456591
FRANCINEBUSBY2010CA50,2010,CA,FRANCINE,BUSBY,50,FRANCINE P BUSBY,D,301336,0,0.286269085
BRIANBILBRAY2010CA50,2010,CA,BRIAN,BILBRAY,50,BRIAN P BILBRAY,R,751296,1,0.713730915
NICKPOPADITCH2010CA51,2010,CA,NICK,POPADITCH,51,NICK POPADITCH,R,150020,0,0.22360341
BOBFILNER2010CA51,2010,CA,BOB,FILNER,51,BOB FILNER,D,520900,1,0.77639659
DUNCANHUNTER2010CA52,2010,CA,DUNCAN,HUNTER,52,DUNCAN D HUNTER,R,351000,1,0.97826087
RAYMONDLUTZ2010CA52,2010,CA,RAYMOND,LUTZ,52,RAYMOND CLARK LUTZ,D,7800,0,0.02173913
SUSANDAVIS2010CA53,2010,CA,SUSAN,DAVIS,53,SUSAN A DAVIS,D,344812,1,0.801959243
MICHAELCRIMMINS2010CA53,2010,CA,MICHAEL,CRIMMINS,53,MICHAEL CRIMMINS,R,85150,0,0.198040757
JIMJUDD2010CA6,2010,CA,JIM,JUDD,6,JIM JUDD,R,50632,0,0.086868649
LYNNWOOLSEY2010CA6,2010,CA,LYNN,WOOLSEY,6,LYNN WOOLSEY,D,532225,1,0.913131351
GEORGEMILLER2010CA7,2010,CA,GEORGE,MILLER,7,GEORGE MILLER,D,737397,1,0.938645387
RICKTUBBS2010CA7,2010,CA,RICK,TUBBS,7,RICK TUBBS,R,48200,0,0.061354613
JOHNDENNIS2010CA8,2010,CA,JOHN,DENNIS,8,JOHN DENNIS,R,397294,0,0.176801496
BARBARALEE2010CA9,2010,CA,BARBARA,LEE,9,BARBARA LEE,D,686082,1,1
MICHAELFALLON2010CO1,2010,CO,MICHAEL,FALLON,1,MICHAEL PETER FALLON,R,95100,0,0.138602058
DIANADEGETTE2010CO1,2010,CO,DIANA,DEGETTE,1,DIANA DEGETTE,D,591037,1,0.861397942
STEPHENBAILEY2010CO2,2010,CO,STEPHEN,BAILEY,2,STEPHEN BAILEY,R,31947,0,0.104725721
JAREDPOLIS2010CO2,2010,CO,JARED,POLIS,2,JARED POLIS,D,267765,1,0.877762626
CURTISHARRIS2010CO2,2010,CO,CURTIS,HARRIS,2,CURTIS LEE HARRIS,I,5342,0,0.017511654
SCOTTTIPTON2010CO3,2010,CO,SCOTT,TIPTON,3,SCOTT TIPTON,R,746263,1,0.400213122
JOHNSALAZAR2010CO3,2010,CO,JOHN,SALAZAR,3,JOHN SALAZAR,D,1118401,0,0.599786878
CORYGARDNER2010CO4,2010,CO,CORY,GARDNER,4,CORY GARDNER,R,1240696,1,0.408242397
DOUGLASLAMBORN2010CO5,2010,CO,DOUGLAS,LAMBORN,5,DOUGLAS L LAMBORN,R,184369,1,1
JOHNFLERLAGE2010CO6,2010,CO,JOHN,FLERLAGE,6,JOHN FLERLAGE,D,86370,0,0.157792044
ROBERTMCNEALY2010CO6,2010,CO,ROBERT,MCNEALY,6,ROBERT LEE MCNEALY,I,8230,0,0.015035643
MIKECOFFMAN2010CO6,2010,CO,MIKE,COFFMAN,6,MIKE COFFMAN,R,452766,1,0.827172312
EDWINPERLMUTTER2010CO7,2010,CO,EDWIN,PERLMUTTER,7,EDWIN G PERLMUTTER,D,1550044,1,0.599275245
RYANFRAZIER2010CO7,2010,CO,RYAN,FRAZIER,7,RYAN L FRAZIER,R,1036487,0,0.400724755
JOHNLARSON2010CT1,2010,CT,JOHN,LARSON,1,JOHN B LARSON,D,1501871,1,0.968967161
ANNBRICKLEY2010CT1,2010,CT,ANN,BRICKLEY,1,ANN BRICKLEY,R,45400,0,0.029290871
JANETPECKINPAUGH2010CT2,2010,CT,JANET,PECKINPAUGH,2,JANET PECKINPAUGH,R,121605,0,0.108860583
JOECOURTNEY2010CT2,2010,CT,JOE,COURTNEY,2,JOE COURTNEY,D,994566,1,0.890333739
ROSADELAURO2010CT3,2010,CT,ROSA,DELAURO,3,ROSA L DELAURO,D,886176,1,0.927083562
JERRYLABRIOLA2010CT3,2010,CT,JERRY,LABRIOLA,3,JERRY LABRIOLA,R,69699,0,0.072916438
DANDEBICELLA2010CT4,2010,CT,DAN,DEBICELLA,4,DAN DEBICELLA,R,1191169,0,0.341872524
SAMCALIGIURI2010CT5,2010,CT,SAM,CALIGIURI,5,SAM CALIGIURI,R,973227,0,0.344652876
WARRENMOSLER2010CTS,2010,CT,WARREN,MOSLER,S,WARREN MOSLER,I,36646,0,0.009707167
GLENURQUHART2010DE1,2010,DE,GLEN,URQUHART,1,GLEN URQUHART,R,217747,0,0.143339006
JOHNCARNEY2010DE1,2010,DE,JOHN,CARNEY,1,JOHN CARNEY,D,1298658,1,0.854883632
JEFFMILLER2010FL1,2010,FL,JEFF,MILLER,1,JEFF MILLER,R,173612,1,0.908872939
JOHNKRAUSE2010FL1,2010,FL,JOHN,KRAUSE,1,JOHN E KRAUSE,I,17407,0,0.091127061
CYOUNG2010FL10,2010,FL,C,YOUNG,10,C W BILL YOUNG,R,540842,1,0.702366667
CHARLIEJUSTICE2010FL10,2010,FL,CHARLIE,JUSTICE,10,CHARLIE JUSTICE,D,229186,0,0.297633333
KATHYCASTOR2010FL11,2010,FL,KATHY,CASTOR,11,KATHY CASTOR,D,513110,1,0.625908776
MIKEPRENDERGAST2010FL11,2010,FL,MIKE,PRENDERGAST,11,MIKE PRENDERGAST,R,306674,0,0.374091224
RANDYWILKINSON2010FL12,2010,FL,RANDY,WILKINSON,12,RANDY WILKINSON,I,15037,0,0.012713699
LORIEDWARDS2010FL12,2010,FL,LORI,EDWARDS,12,LORI EDWARDS,D,487517,0,0.412192874
DENNISROSS2010FL12,2010,FL,DENNIS,ROSS,12,DENNIS ROSS,R,680186,1,0.575093427
VERNONBUCHANAN2010FL13,2010,FL,VERNON,BUCHANAN,13,VERNON BUCHANAN,R,1315226,1,0.937386232
JAMESGOLDEN2010FL13,2010,FL,JAMES,GOLDEN,13,JAMES THEOPOLIS GOLDEN,D,87852,0,0.062613768
CONNIEMACK2010FL14,2010,FL,CONNIE,MACK,14,CONNIE MACK,R,615149,1,0.972769064
JAMESROACH2010FL14,2010,FL,JAMES,ROACH,14,JAMES LLOYD ROACH,D,17220,0,0.027230936
SHANNONROBERTS2010FL15,2010,FL,SHANNON,ROBERTS,15,SHANNON ROBERTS,D,1120,0,0.001945938
BILLPOSEY2010FL15,2010,FL,BILL,POSEY,15,BILL POSEY,R,574438,1,0.998054062
TOMROONEY2010FL16,2010,FL,TOM,ROONEY,16,TOM ROONEY,R,707511,1,0.997830897
FREDERICAWILSON2010FL17,2010,FL,FREDERICA,WILSON,17,FREDERICA WILSON,D,219802,1,0.8814999
RODERICKVEREEN2010FL17,2010,FL,RODERICK,VEREEN,17,RODERICK D VEREEN,I,29548,0,0.1185001
ILEANAROSLEHTINEN2010FL18,2010,FL,ILEANA,ROSLEHTINEN,18,ILEANA ROSLEHTINEN,R,951837,1,1
TEDDEUTCH2010FL19,2010,FL,TED,DEUTCH,19,TED DEUTCH,D,1377910,1,0.974800676
JOSEPHBUDD2010FL19,2010,FL,JOSEPH,BUDD,19,JOSEPH E BUDD,R,35620,0,0.025199324
ALLENBOYD2010FL2,2010,FL,ALLEN,BOYD,2,ALLEN BOYD,D,1621134,0,0.657073617
STEVESOUTHERLAND2010FL2,2010,FL,STEVE,SOUTHERLAND,2,STEVE SOUTHERLAND,R,818673,1,0.331822311
PAULMCKAIN2010FL2,2010,FL,PAUL,MCKAIN,2,PAUL C MCKAIN,I,26346,0,0.010678489
DIANNEBERRYHILL2010FL2,2010,FL,DIANNE,BERRYHILL,2,DIANNE JORDEN BERRYHILL,I,1050,0,0.000425583
DEBBIESCHULTZ2010FL20,2010,FL,DEBBIE,SCHULTZ,20,DEBBIE WASSERMAN SCHULTZ,D,1195872,1,0.923973418
KARENHARRINGTON2010FL20,2010,FL,KAREN,HARRINGTON,20,KAREN HARRINGTON,R,98399,0,0.076026582
BERNARDSANSARICQ2010FL23,2010,FL,BERNARD,SANSARICQ,23,BERNARD SANSARICQ,R,43622,0,0.075266665
ALCEEHASTINGS2010FL23,2010,FL,ALCEE,HASTINGS,23,ALCEE L HASTINGS,D,535944,1,0.924733335
SUZANNEKOSMAS2010FL24,2010,FL,SUZANNE,KOSMAS,24,SUZANNE KOSMAS,D,1493371,0,0.690683181
SANDYADAMS2010FL24,2010,FL,SANDY,ADAMS,24,SANDY ADAMS,R,668794,1,0.309316819
JOEGARCIA2010FL25,2010,FL,JOE,GARCIA,25,JOE GARCIA,D,1028159,0,0.487311711
DAVIDRIVERA2010FL25,2010,FL,DAVID,RIVERA,25,DAVID RIVERA,R,1080700,1,0.512214323
MICHAELYOST2010FL3,2010,FL,MICHAEL,YOST,3,MICHAEL F YOST,R,59555,0,0.071406561
CORRINEBROWN2010FL3,2010,FL,CORRINE,BROWN,3,CORRINE BROWN,D,774472,1,0.928593439
ANDERCRENSHAW2010FL4,2010,FL,ANDER,CRENSHAW,4,ANDER CRENSHAW,R,320008,1,0.990865685
TROYSTANLEY2010FL4,2010,FL,TROY,STANLEY,4,TROY STANLEY,I,2950,0,0.009134315
JAMESPICCILLO2010FL5,2010,FL,JAMES,PICCILLO,5,JAMES JOHN PICCILLO,D,116000,0,0.260610908
RICHARDNUGENT2010FL5,2010,FL,RICHARD,NUGENT,5,RICHARD NUGENT,R,329108,1,0.739389092
CLIFFSTEARNS2010FL6,2010,FL,CLIFF,STEARNS,6,CLIFF STEARNS,R,419565,1,1
JOHNMICA2010FL7,2010,FL,JOHN,MICA,7,JOHN L MICA,R,642038,1,0.80517943
HEATHERBEAVEN2010FL7,2010,FL,HEATHER,BEAVEN,7,HEATHER MAURINE BEAVEN,D,155347,0,0.19482057
PEGDUNMIRE2010FL8,2010,FL,PEG,DUNMIRE,8,PEG DUNMIRE,I,11900,0,0.005645394
ALANGRAYSON2010FL8,2010,FL,ALAN,GRAYSON,8,ALAN GRAYSON,D,1050352,0,0.498290015
DANIELWEBSTER2010FL8,2010,FL,DANIEL,WEBSTER,8,DANIEL WEBSTER,R,1045661,1,0.496064591
GUSBILIRAKIS2010FL9,2010,FL,GUS,BILIRAKIS,9,GUS BILIRAKIS,R,616495,1,0.998057294
BERNARDDECASTRO2010FLS,2010,FL,BERNARD,DECASTRO,S,BERNARD F DECASTRO,I,10050,0,0.000505012
ALEXANDERSNITKER2010FLS,2010,FL,ALEXANDER,SNITKER,S,ALEXANDER ANDREW SNITKER,I,7260,0,0.000364815
JACKKINGSTON2010GA1,2010,GA,JACK,KINGSTON,1,JACK KINGSTON,R,614475,1,1
PAULBROUN2010GA10,2010,GA,PAUL,BROUN,10,PAUL BROUN,R,713729,1,0.87819142
RUSSELLEDWARDS2010GA10,2010,GA,RUSSELL,EDWARDS,10,RUSSELL JAMES EDWARDS,D,98997,0,0.12180858
PHILGINGREY2010GA11,2010,GA,PHIL,GINGREY,11,PHIL GINGREY,R,835584,1,1
RAYMCKINNEY2010GA12,2010,GA,RAY,MCKINNEY,12,RAY MCKINNEY,R,71580,0,0.05787081
JOHNBARROW2010GA12,2010,GA,JOHN,BARROW,12,JOHN BARROW,D,1165313,1,0.94212919
DAVIDSCOTT2010GA13,2010,GA,DAVID,SCOTT,13,DAVID SCOTT,D,582446,1,0.92471855
MICHAELCRANE2010GA13,2010,GA,MICHAEL,CRANE,13,MICHAEL ROBERT CRANE,R,47417,0,0.07528145
MIKEKEOWN2010GA2,2010,GA,MIKE,KEOWN,2,MIKE KEOWN,R,562096,0,0.394658556
SANFORDBISHOP2010GA2,2010,GA,SANFORD,BISHOP,2,SANFORD BISHOP,D,862163,1,0.605341444
LYNNWESTMORELAND2010GA3,2010,GA,LYNN,WESTMORELAND,3,LYNN A WESTMORELAND,R,456535,1,0.985111181
FRANKSAUNDERS2010GA3,2010,GA,FRANK,SAUNDERS,3,FRANK SAUNDERS,D,6900,0,0.014888819
LIZCARTER2010GA4,2010,GA,LIZ,CARTER,4,LIZ CARTER,R,40784,0,0.09967885
HANKJOHNSON2010GA4,2010,GA,HANK,JOHNSON,4,HANK JOHNSON,D,368370,1,0.90032115
SAMUELLITTLE2010GA5,2010,GA,SAMUEL,LITTLE,5,SAMUEL FENN LITTLE JR,R,54300,0,0.073492689
JOHNLEWIS2010GA5,2010,GA,JOHN,LEWIS,5,JOHN LEWIS,D,684549,1,0.926507311
TOMPRICE2010GA6,2010,GA,TOM,PRICE,6,TOM PRICE,R,1176639,1,1
ROBWOODALL2010GA7,2010,GA,ROB,WOODALL,7,ROB WOODALL,R,276032,1,0.894372586
DOUGLASHECKMAN2010GA7,2010,GA,DOUGLAS,HECKMAN,7,DOUGLAS SCOTT HECKMAN,D,32600,0,0.105627414
AUSTINSCOTT2010GA8,2010,GA,AUSTIN,SCOTT,8,AUSTIN SCOTT,R,520148,1,0.36083351
JIMMARSHALL2010GA8,2010,GA,JIM,MARSHALL,8,JIM MARSHALL,D,921370,0,0.63916649
TOMGRAVES2010GA9,2010,GA,TOM,GRAVES,9,TOM GRAVES,R,758792,1,1
CHARLESDJOU2010HI1,2010,HI,CHARLES,DJOU,1,CHARLES DJOU,R,1408275,0,0.506976952
COLLEENHANABUSA2010HI1,2010,HI,COLLEEN,HANABUSA,1,COLLEEN HANABUSA,D,1369514,1,0.493023048
MAZIEHIRONO2010HI2,2010,HI,MAZIE,HIRONO,2,MAZIE K HIRONO,D,623128,1,0.999538029
CAMCAVASSO2010HIS,2010,HI,CAM,CAVASSO,S,CAM CAVASSO,R,61854,0,0.020816254
BENLANGE2010IA1,2010,IA,BEN,LANGE,1,BEN LANGE,R,246262,0,0.138899652
BRUCEBRALEY2010IA1,2010,IA,BRUCE,BRALEY,1,BRUCE BRALEY,D,1526687,1,0.861100348
MARIANNETTEMILLERMEEKS2010IA2,2010,IA,MARIANNETTE,MILLERMEEKS,2,MARIANNETTE MILLERMEEKS,R,303849,0,0.299313208
DAVIDLOEBSACK2010IA2,2010,IA,DAVID,LOEBSACK,2,DAVID LOEBSACK,D,711305,1,0.700686792
BRADZAUN2010IA3,2010,IA,BRAD,ZAUN,3,BRAD ZAUN,R,275435,0,0.228961723
LEONARDBOSWELL2010IA3,2010,IA,LEONARD,BOSWELL,3,LEONARD BOSWELL,D,927539,1,0.771038277
TOMLATHAM2010IA4,2010,IA,TOM,LATHAM,4,TOM LATHAM,R,747399,1,0.953559522
BILLMASKE2010IA4,2010,IA,BILL,MASKE,4,BILL MASKE,D,36400,0,0.046440478
MATTHEWCAMPBELL2010IA5,2010,IA,MATTHEW,CAMPBELL,5,MATTHEW CAMPBELL,D,107068,0,0.198427304
STEVENKING2010IA5,2010,IA,STEVEN,KING,5,STEVEN A KING,R,432515,1,0.801572696
RAULLABRADOR2010ID1,2010,ID,RAUL,LABRADOR,1,RAUL LABRADOR,R,349292,1,0.184401192
WALTMINNICK2010ID1,2010,ID,WALT,MINNICK,1,WALT MINNICK,D,1544904,0,0.815598808
MIKESIMPSON2010ID2,2010,ID,MIKE,SIMPSON,2,MIKE SIMPSON,R,488454,1,0.997956907
BRIANSCHAD2010ID2,2010,ID,BRIAN,SCHAD,2,BRIAN SCHAD,I,1000,0,0.002043093
PSULLIVAN2010IDS,2010,ID,P,SULLIVAN,S,P TOM SULLIVAN,D,30975,0,0.011104236
BOBBYRUSH2010IL1,2010,IL,BOBBY,RUSH,1,BOBBY L RUSH,D,400436,1,1
ADAMKINZINGER2010IL11,2010,IL,ADAM,KINZINGER,11,ADAM KINZINGER,R,937646,1,0.400408588
DEBORAHHALVORSON2010IL11,2010,IL,DEBORAH,HALVORSON,11,DEBORAH HALVORSON,D,1404077,0,0.599591412
JERRYCOSTELLO2010IL12,2010,IL,JERRY,COSTELLO,12,JERRY F COSTELLO,D,753700,1,1
JUDYBIGGERT2010IL13,2010,IL,JUDY,BIGGERT,13,JUDY BIGGERT,R,913110,1,0.676757765
SCOTTHARPER2010IL13,2010,IL,SCOTT,HARPER,13,SCOTT HARPER,D,436132,0,0.323242235
RANDYHULTGREN2010IL14,2010,IL,RANDY,HULTGREN,14,RANDY HULTGREN,R,912842,1,0.307461769
DAVIDGILL2010IL15,2010,IL,DAVID,GILL,15,DAVID GILL,D,41478,0,0.168551517
TIMOTHYJOHNSON2010IL15,2010,IL,TIMOTHY,JOHNSON,15,TIMOTHY JOHNSON,R,204607,1,0.831448483
DONMANZULLO2010IL16,2010,IL,DON,MANZULLO,16,DON MANZULLO,R,614518,1,0.940366158
GEORGEGAULRAPP2010IL16,2010,IL,GEORGE,GAULRAPP,16,GEORGE GAULRAPP,D,38970,0,0.059633842
BOBBYSCHILLING2010IL17,2010,IL,BOBBY,SCHILLING,17,BOBBY SCHILLING,R,532987,1,0.375282701
PHILHARE2010IL17,2010,IL,PHIL,HARE,17,PHIL HARE,D,887241,0,0.624717299
AARONSCHOCK2010IL18,2010,IL,AARON,SCHOCK,18,AARON SCHOCK,R,1091347,1,0.941224514
DEIRDREHIRNER2010IL18,2010,IL,DEIRDRE,HIRNER,18,DEIRDRE  HIRNER,D,66650,0,0.057481822
SHELDONSCHAFER2010IL18,2010,IL,SHELDON,SCHAFER,18,SHELDON SCHAFER,I,1500,0,0.001293664
JOHNSHIMKUS2010IL19,2010,IL,JOHN,SHIMKUS,19,JOHN M SHIMKUS,R,974657,1,0.992245545
JESSEJACKSON2010IL2,2010,IL,JESSE,JACKSON,2,JESSE JACKSON JR,D,575475,1,0.926950547
ISAACHAYES2010IL2,2010,IL,ISAAC,HAYES,2,ISAAC HAYES,R,45351,0,0.073049453
MICHAELBENDAS2010IL3,2010,IL,MICHAEL,BENDAS,3,MICHAEL A BENDAS,R,12900,0,0.026151317
DANIELLIPINSKI2010IL3,2010,IL,DANIEL,LIPINSKI,3,DANIEL LIPINSKI,D,480383,1,0.973848683
LUISGUTIERREZ2010IL4,2010,IL,LUIS,GUTIERREZ,4,LUIS V GUTIERREZ,D,370559,1,1
MIKEQUIGLEY2010IL5,2010,IL,MIKE,QUIGLEY,5,MIKE QUIGLEY,D,846585,1,0.984991012
DAVIDRATOWITZ2010IL5,2010,IL,DAVID,RATOWITZ,5,DAVID RATOWITZ,R,12900,0,0.015008988
PETERROSKAM2010IL6,2010,IL,PETER,ROSKAM,6,PETER ROSKAM,R,1181000,1,0.97853844
BENLOWE2010IL6,2010,IL,BEN,LOWE,6,BEN LOWE,D,25902,0,0.02146156
DANNYDAVIS2010IL7,2010,IL,DANNY,DAVIS,7,DANNY K DAVIS,D,536313,1,1
JOEWALSH2010IL8,2010,IL,JOE,WALSH,8,JOE WALSH,R,352206,1,0.184812279
MELISSABEAN2010IL8,2010,IL,MELISSA,BEAN,8,MELISSA BEAN,D,1553544,0,0.815187721
JOELPOLLAK2010IL9,2010,IL,JOEL,POLLAK,9,JOEL POLLAK,R,377248,0,0.294428272
JANSCHAKOWSKY2010IL9,2010,IL,JAN,SCHAKOWSKY,9,JAN SCHAKOWSKY,D,904042,1,0.705571728
PETEVISCLOSKY2010IN1,2010,IN,PETE,VISCLOSKY,1,PETE VISCLOSKY,D,644611,1,0.992541439
MARKLEYVA2010IN1,2010,IN,MARK,LEYVA,1,MARK J LEYVA,R,4844,0,0.007458561
JACKIEWALORSKI2010IN2,2010,IN,JACKIE,WALORSKI,2,JACKIE WALORSKI,R,615580,0,0.376579839
JOEDONNELLY2010IN2,2010,IN,JOE,DONNELLY,2,JOE DONNELLY,D,1019080,1,0.623420161
TOMHAYHURST2010IN3,2010,IN,TOM,HAYHURST,3,TOM HAYHURST,D,502944,0,0.517612624
MARLINSTUTZMAN2010IN3,2010,IN,MARLIN,STUTZMAN,3,MARLIN STUTZMAN,R,468717,1,0.482387376
TODDROKITA2010IN4,2010,IN,TODD,ROKITA,4,TODD ROKITA,R,529158,1,0.989527973
DAVIDSANDERS2010IN4,2010,IN,DAVID,SANDERS,4,DAVID SANDERS,D,5600,0,0.010472027
DANBURTON2010IN5,2010,IN,DAN,BURTON,5,DAN BURTON,R,453162,1,0.993014134
CHARDREID2010IN5,2010,IN,CHARD,REID,5,CHARD REID,I,3188,0,0.006985866
MIKEPENCE2010IN6,2010,IN,MIKE,PENCE,6,MIKE PENCE,R,1366317,1,1
MARVINSCOTT2010IN7,2010,IN,MARVIN,SCOTT,7,MARVIN B SCOTT,R,45162,0,0.072605499
ANDRECARSON2010IN7,2010,IN,ANDRE,CARSON,7,ANDRE CARSON,D,576857,1,0.927394501
WHAAFTEN2010IN8,2010,IN,W,HAAFTEN,8,TRENT VAN HAAFTEN,D,492077,0,0.433807155
LARRYBUCSHON2010IN8,2010,IN,LARRY,BUCSHON,8,LARRY BUCSHON,R,642245,1,0.566192845
BARONHILL2010IN9,2010,IN,BARON,HILL,9,BARON HILL,D,1154381,0,0.562381313
TODDYOUNG2010IN9,2010,IN,TODD,YOUNG,9,TODD YOUNG,R,897985,1,0.437472536
REBECCASINKBURRIS2010INS,2010,IN,REBECCA,SINKBURRIS,S,REBECCA SINKBURRIS,I,1650,0,0.000494987
ALANJILKA2010KS1,2010,KS,ALAN,JILKA,1,ALAN JILKA,D,58417,0,0.085218835
TIMHUELSKAMP2010KS1,2010,KS,TIM,HUELSKAMP,1,TIM HUELSKAMP,R,627077,1,0.914781165
LYNNJENKINS2010KS2,2010,KS,LYNN,JENKINS,2,LYNN JENKINS,R,841887,1,0.996803171
STEPHENEMOORE2010KS3,2010,KS,STEPHENE,MOORE,3,STEPHENE ANN MOORE,D,603604,0,0.343356751
KEVINYODER2010KS3,2010,KS,KEVIN,YODER,3,KEVIN YODER,R,1154346,1,0.656643249
RAJGOYLE2010KS4,2010,KS,RAJ,GOYLE,4,RAJ GOYLE,D,1080838,0,0.459654489
MIKEPOMPEO2010KS4,2010,KS,MIKE,POMPEO,4,MIKE POMPEO,R,1270576,1,0.540345511
LISAJOHNSTON2010KSS,2010,KS,LISA,JOHNSTON,S,LISA JOHNSTON,D,12050,0,0.005436624
EDWHITFIELD2010KY1,2010,KY,ED,WHITFIELD,1,ED WHITFIELD,R,738336,1,1
BRETTGUTHRIE2010KY2,2010,KY,BRETT,GUTHRIE,2,BRETT GUTHRIE,R,632684,1,0.995985731
TODDLALLY2010KY3,2010,KY,TODD,LALLY,3,TODD LALLY,R,367179,0,0.277014411
JOHNYARMUTH2010KY3,2010,KY,JOHN,YARMUTH,3,JOHN A YARMUTH,D,958308,1,0.722985589
JOHNWALTZ2010KY4,2010,KY,JOHN,WALTZ,4,JOHN WALTZ,D,299485,0,0.249382134
GEOFFDAVIS2010KY4,2010,KY,GEOFF,DAVIS,4,GEOFF DAVIS,R,901423,1,0.750617866
HALROGERS2010KY5,2010,KY,HAL,ROGERS,5,HAL ROGERS,R,572461,1,0.997734248
ANDYBARR2010KY6,2010,KY,ANDY,BARR,6,ANDY BARR,R,935539,0,0.489106783
BENCHANDLER2010KY6,2010,KY,BEN,CHANDLER,6,BEN CHANDLER,D,977211,1,0.510893217
MYRONKATZ2010LA1,2010,LA,MYRON,KATZ,1,MYRON KATZ,D,6650,0,0.007738254
STEVESCALISE2010LA1,2010,LA,STEVE,SCALISE,1,STEVE SCALISE,R,852717,1,0.992261746
CEDRICRICHMOND2010LA2,2010,LA,CEDRIC,RICHMOND,2,CEDRIC RICHMOND,D,719709,1,0.451976596
JOSEPHCAO2010LA2,2010,LA,JOSEPH,CAO,2,JOSEPH CAO,R,870250,0,0.546516206
RAVISANGISETTY2010LA3,2010,LA,RAVI,SANGISETTY,3,RAVI SANGISETTY,D,455347,0,0.351570438
JEFFLANDRY2010LA3,2010,LA,JEFF,LANDRY,3,JEFF LANDRY,R,839833,1,0.648429562
DAVIDMELVILLE2010LA4,2010,LA,DAVID,MELVILLE,4,DAVID MELVILLE,D,101909,0,0.099959392
JOHNFLEMING2010LA4,2010,LA,JOHN,FLEMING,4,JOHN FLEMING,R,915795,1,0.898275044
ARTISCASH2010LA4,2010,LA,ARTIS,CASH,4,ARTIS CASH,I,1800,0,0.001765564
RODNEYALEXANDER2010LA5,2010,LA,RODNEY,ALEXANDER,5,RODNEY ALEXANDER,R,767103,1,1
BILLCASSIDY2010LA6,2010,LA,BILL,CASSIDY,6,BILL CASSIDY,R,919239,1,1
BOBLANG2010LAS,2010,LA,BOB,LANG,S,BOB LANG,I,12901,0,0.001707236
MICHAELSPEARS2010LAS,2010,LA,MICHAEL,SPEARS,S,MICHAEL LANE SPEARS,I,3500,0,0.000463168
WILLIAMGUNN2010MA1,2010,MA,WILLIAM,GUNN,1,WILLIAM LESLIE GUNN JR,R,17304,0,0.027533578
JOHNOLVER2010MA1,2010,MA,JOHN,OLVER,1,JOHN W OLVER,D,610665,1,0.971670838
JEFFPERRY2010MA10,2010,MA,JEFF,PERRY,10,JEFF PERRY,R,570322,0,0.357494688
BILLKEATING2010MA10,2010,MA,BILL,KEATING,10,BILL KEATING,D,977308,1,0.612605542
JIMSHEETS2010MA10,2010,MA,JIM,SHEETS,10,JIM SHEETS,I,33750,0,0.021155498
MARYANNELEWIS2010MA10,2010,MA,MARYANNE,LEWIS,10,MARYANNE LEWIS,I,13950,0,0.008744272
TOMWESLEY2010MA2,2010,MA,TOM,WESLEY,2,TOM WESLEY,R,57700,0,0.035441803
RICHARDNEAL2010MA2,2010,MA,RICHARD,NEAL,2,RICHARD E NEAL,D,1570321,1,0.964558197
MARTINLAMB2010MA3,2010,MA,MARTIN,LAMB,3,MARTIN A LAMB,R,45628,0,0.047079605
JAMESMCGOVERN2010MA3,2010,MA,JAMES,MCGOVERN,3,JAMES P MCGOVERN,D,921264,1,0.950573018
PATRICKBARRON2010MA3,2010,MA,PATRICK,BARRON,3,PATRICK BARRON,I,2275,0,0.002347377
SEANBIELAT2010MA4,2010,MA,SEAN,BIELAT,4,SEAN BIELAT,R,824851,0,0.266209092
JOHNGOLNIK2010MA5,2010,MA,JOHN,GOLNIK,5,JOHN GOLNIK,R,106933,0,0.106459786
NIKITSONGAS2010MA5,2010,MA,NIKI,TSONGAS,5,NIKI TSONGAS,D,897502,1,0.893530258
JOHNTIERNEY2010MA6,2010,MA,JOHN,TIERNEY,6,JOHN F TIERNEY,D,453184,1,0.672844024
BILLHUDAK2010MA6,2010,MA,BILL,HUDAK,6,BILL HUDAK,R,220351,0,0.327155976
EDMARKEY2010MA7,2010,MA,ED,MARKEY,7,ED MARKEY,D,928644,1,0.991776527
GERRYDEMBROWSKI2010MA7,2010,MA,GERRY,DEMBROWSKI,7,GERRY DEMBROWSKI,R,7700,0,0.008223473
PHILIPDUNKELBARGER2010MA9,2010,MA,PHILIP,DUNKELBARGER,9,PHILIP DUNKELBARGER,I,1500,0,0.002024251
STEPHENLYNCH2010MA9,2010,MA,STEPHEN,LYNCH,9,STEPHEN F LYNCH,D,731665,1,0.987382172
VERNONHARRISON2010MA9,2010,MA,VERNON,HARRISON,9,VERNON HARRISON,R,7850,0,0.010593578
ANDYHARRIS2010MD1,2010,MD,ANDY,HARRIS,1,ANDY HARRIS,R,1269165,1,0.461235121
FRANKKRATOVIL2010MD1,2010,MD,FRANK,KRATOVIL,1,FRANK KRATOVIL,D,1480491,0,0.538034413
MARCELOCARDARELLI2010MD2,2010,MD,MARCELO,CARDARELLI,2,MARCELO GABRIEL CARDARELLI,R,49050,0,0.059700003
DUTCHRUPPERSBERGER2010MD2,2010,MD,DUTCH,RUPPERSBERGER,2,DUTCH RUPPERSBERGER,D,772558,1,0.940299997
JOHNSARBANES2010MD3,2010,MD,JOHN,SARBANES,3,JOHN SARBANES,D,698011,1,0.950041921
JIMWILHELM2010MD3,2010,MD,JIM,WILHELM,3,JIM WILHELM,R,36705,0,0.049958079
DONNAEDWARDS2010MD4,2010,MD,DONNA,EDWARDS,4,DONNA EDWARDS,D,409080,1,0.997719596
CHARLESLOLLAR2010MD5,2010,MD,CHARLES,LOLLAR,5,CHARLES J LOLLAR,R,204492,0,0.06788923
ANDREWDUCK2010MD6,2010,MD,ANDREW,DUCK,6,ANDREW JAMES DUCK,D,18601,0,0.104326513
ROSCOEBARTLETT2010MD6,2010,MD,ROSCOE,BARTLETT,6,ROSCOE G BARTLETT,R,159695,1,0.895673487
ELIJAHCUMMINGS2010MD7,2010,MD,ELIJAH,CUMMINGS,7,ELIJAH E CUMMINGS,D,474996,1,0.995807093
FRANKMIRABILE2010MD7,2010,MD,FRANK,MIRABILE,7,FRANK MIRABILE JR,R,2000,0,0.004192907
CHRISHOLLEN2010MD8,2010,MD,CHRIS,HOLLEN,8,CHRIS VAN HOLLEN,D,1190047,1,0.968670052
MICHAELPHILIPS2010MD8,2010,MD,MICHAEL,PHILIPS,8,MICHAEL LEE PHILIPS,R,24375,0,0.019840672
CHELLIEPINGREE2010ME1,2010,ME,CHELLIE,PINGREE,1,CHELLIE PINGREE,D,736524,1,0.775464737
DEANSCONTRAS2010ME1,2010,ME,DEAN,SCONTRAS,1,DEAN P SCONTRAS,R,213260,0,0.224535263
JASONLEVESQUE2010ME2,2010,ME,JASON,LEVESQUE,2,JASON LEVESQUE,R,190873,0,0.233069541
MIKEMICHAUD2010ME2,2010,ME,MIKE,MICHAUD,2,MIKE MICHAUD,D,628080,1,0.766930459
GLENNWILSON2010MI1,2010,MI,GLENN,WILSON,1,GLENN A WILSON,I,24750,0,0.019623467
DANBENISHEK2010MI1,2010,MI,DAN,BENISHEK,1,DAN BENISHEK,R,689149,1,0.546403752
GARYMCDOWELL2010MI1,2010,MI,GARY,MCDOWELL,1,GARY J MCDOWELL,D,547346,0,0.433972781
CANDICEMILLER2010MI10,2010,MI,CANDICE,MILLER,10,CANDICE S MILLER,R,432065,1,0.997690878
THADDEUSMCCOTTER2010MI11,2010,MI,THADDEUS,MCCOTTER,11,THADDEUS G MCCOTTER,R,676514,1,0.845044631
NATALIEMOSHER2010MI11,2010,MI,NATALIE,MOSHER,11,NATALIE MOSHER,D,124052,0,0.154955369
SANDERLEVIN2010MI12,2010,MI,SANDER,LEVIN,12,SANDER LEVIN,D,1521158,1,0.984942499
DONALDVOLARIC2010MI12,2010,MI,DONALD,VOLARIC,12,DONALD CECIL VOLARIC,R,23255,0,0.015057501
JOHNHAULER2010MI13,2010,MI,JOHN,HAULER,13,JOHN HAULER,R,4550,0,0.014208759
HANSENCLARKE2010MI13,2010,MI,HANSEN,CLARKE,13,HANSEN CLARKE,D,315675,1,0.985791241
JOHNCONYERS2010MI14,2010,MI,JOHN,CONYERS,14,JOHN CONYERS JR,D,789142,1,0.995710007
DONUKRAINEC2010MI14,2010,MI,DON,UKRAINEC,14,DON UKRAINEC,R,3400,0,0.004289993
JOHNDINGELL2010MI15,2010,MI,JOHN,DINGELL,15,JOHN D DINGELL,D,1277513,1,0.738615037
ROBERTSTEELE2010MI15,2010,MI,ROBERT,STEELE,15,ROBERT L STEELE,R,452093,0,0.261384963
BILLHUIZENGA2010MI2,2010,MI,BILL,HUIZENGA,2,BILL HUIZENGA,R,389750,1,0.895575547
FREDJOHNSON2010MI2,2010,MI,FRED,JOHNSON,2,FRED JOHNSON,D,45445,0,0.104424453
PATMILES2010MI3,2010,MI,PAT,MILES,3,PAT MILES,D,342803,0,0.401778923
JUSTINAMASH2010MI3,2010,MI,JUSTIN,AMASH,3,JUSTIN AMASH,R,507360,1,0.594646354
JOHNKUPIEC2010MI5,2010,MI,JOHN,KUPIEC,5,JOHN KUPIEC,R,102769,0,0.190792063
DALEKILDEE2010MI5,2010,MI,DALE,KILDEE,5,DALE E KILDEE,D,435875,1,0.809207937
FREDUPTON2010MI6,2010,MI,FRED,UPTON,6,FRED UPTON,R,1177764,1,0.97962178
DONCOONEY2010MI6,2010,MI,DON,COONEY,6,DON COONEY,D,24500,0,0.02037822
TIMWALBERG2010MI7,2010,MI,TIM,WALBERG,7,TIM WALBERG,R,905491,1,0.331828151
MIKEROGERS2010MI8,2010,MI,MIKE,ROGERS,8,MIKE ROGERS,R,955733,1,0.998120169
LANCEENDERLE2010MI8,2010,MI,LANCE,ENDERLE,8,LANCE ENDERLE,D,1800,0,0.001879831
ANDREWRACZKOWSKI2010MI9,2010,MI,ANDREW,RACZKOWSKI,9,ANDREW RACZKOWSKI,R,425327,0,0.182691891
TIMOTHYWALZ2010MN1,2010,MN,TIMOTHY,WALZ,1,TIMOTHY J WALZ,D,1134782,1,0.69517152
RANDYDEMMER2010MN1,2010,MN,RANDY,DEMMER,1,RANDY DEMMER,R,485945,0,0.297691648
STEVENWILSON2010MN1,2010,MN,STEVEN,WILSON,1,STEVEN JOHN WILSON,I,11150,0,0.00683053
JOHNKLINE2010MN2,2010,MN,JOHN,KLINE,2,JOHN KLINE,R,762566,1,0.961735691
SHELLEYMADORE2010MN2,2010,MN,SHELLEY,MADORE,2,SHELLEY MADORE,D,30340,0,0.038264309
JIMMEFFERT2010MN3,2010,MN,JIM,MEFFERT,3,JIM MEFFERT,D,277503,0,0.150314601
JONOLESON2010MN3,2010,MN,JON,OLESON,3,JON OLESON,I,500,0,0.000270834
ERIKPAULSEN2010MN3,2010,MN,ERIK,PAULSEN,3,ERIK PAULSEN,R,1568145,1,0.849414565
TERESACOLLETT2010MN4,2010,MN,TERESA,COLLETT,4,TERESA STANTON COLLETT,R,97518,0,0.148783405
BETTYMCCOLLUM2010MN4,2010,MN,BETTY,MCCOLLUM,4,BETTY MCCOLLUM,D,557918,1,0.851216595
KEITHELLISON2010MN5,2010,MN,KEITH,ELLISON,5,KEITH ELLISON,D,642819,1,0.929141336
LYNNETORGERSON2010MN5,2010,MN,LYNNE,TORGERSON,5,LYNNE TORGERSON,I,6700,0,0.009684292
JOELDEMOS2010MN5,2010,MN,JOEL,DEMOS,5,JOEL DEMOS,R,38920,0,0.056255619
TARRYLCLARK2010MN6,2010,MN,TARRYL,CLARK,6,TARRYL CLARK,D,1264416,0,0.312170264
BOBANDERSON2010MN6,2010,MN,BOB,ANDERSON,6,BOB ANDERSON,I,500,0,0.000123444
LEEBYBERG2010MN7,2010,MN,LEE,BYBERG,7,LEE BYBERG,R,144492,0,0.165327005
COLLINPETERSON2010MN7,2010,MN,COLLIN,PETERSON,7,COLLIN PETERSON,D,727685,1,0.832613444
EUGENEWALDORF2010MN7,2010,MN,EUGENE,WALDORF,7,EUGENE WALDORF,I,1800,0,0.002059551
CHIPCRAVAACK2010MN8,2010,MN,CHIP,CRAVAACK,8,CHIP CRAVAACK,R,209655,1,0.166420198
JAMESOBERSTAR2010MN8,2010,MN,JAMES,OBERSTAR,8,JAMES L OBERSTAR,D,1050138,0,0.833579802
WILLIAMCLAY2010MO1,2010,MO,WILLIAM,CLAY,1,WILLIAM L CLAY JR,D,429710,1,0.995251992
ROBYNHAMLIN2010MO1,2010,MO,ROBYN,HAMLIN,1,ROBYN HAMLIN,R,2050,0,0.004748008
TODDAKIN2010MO2,2010,MO,TODD,AKIN,2,TODD AKIN,R,430152,1,1
EDMARTIN2010MO3,2010,MO,ED,MARTIN,3,ED MARTIN,R,757704,0,0.380222894
RUSSCARNAHAN2010MO3,2010,MO,RUSS,CARNAHAN,3,RUSS CARNAHAN,D,1235085,1,0.619777106
VICKYHARTZLER2010MO4,2010,MO,VICKY,HARTZLER,4,VICKY HARTZLER,R,706651,1,0.31197177
IKESKELTON2010MO4,2010,MO,IKE,SKELTON,4,IKE SKELTON,D,1558461,0,0.68802823
JACOBTURK2010MO5,2010,MO,JACOB,TURK,5,JACOB TURK,R,91979,0,0.193759519
EMANUELCLEAVER2010MO5,2010,MO,EMANUEL,CLEAVER,5,EMANUEL CLEAVER,D,382728,1,0.806240481
SAMGRAVES2010MO6,2010,MO,SAM,GRAVES,6,SAM GRAVES,R,545374,1,0.994892133
CLINTHYLTON2010MO6,2010,MO,CLINT,HYLTON,6,CLINT HYLTON,D,2800,0,0.005107867
SCOTTECKERSLEY2010MO7,2010,MO,SCOTT,ECKERSLEY,7,SCOTT ECKERSLEY,D,77955,0,0.088176709
BILLYLONG2010MO7,2010,MO,BILLY,LONG,7,BILLY LONG,R,806122,1,0.911823291
JOEMERSON2010MO8,2010,MO,JO,EMERSON,8,JO ANN EMERSON,R,1002278,1,0.506487508
TOMMYSOWERS2010MO8,2010,MO,TOMMY,SOWERS,8,TOMMY SOWERS,D,976602,0,0.493512492
BLAINELUETKEMEYER2010MO9,2010,MO,BLAINE,LUETKEMEYER,9,BLAINE LUETKEMEYER,R,820224,1,1
ALANNUNNELEE2010MS1,2010,MS,ALAN,NUNNELEE,1,ALAN NUNNELEE,R,1035447,1,0.491354005
TRAVISCHILDERS2010MS1,2010,MS,TRAVIS,CHILDERS,1,TRAVIS CHILDERS,D,1058337,0,0.50221607
BENNIETHOMPSON2010MS2,2010,MS,BENNIE,THOMPSON,2,BENNIE G THOMPSON,D,1112992,1,0.984781347
BILLMARCY2010MS2,2010,MS,BILL,MARCY,2,BILL MARCY,R,17200,0,0.015218653
GREGGHARPER2010MS3,2010,MS,GREGG,HARPER,3,GREGG HARPER,R,450879,1,1
GENETAYLOR2010MS4,2010,MS,GENE,TAYLOR,4,GENE TAYLOR,D,378883,0,0.380159957
STEVENPALAZZO2010MS4,2010,MS,STEVEN,PALAZZO,4,STEVEN PALAZZO,R,617758,1,0.619840043
DENNYREHBERG2010MT1,2010,MT,DENNY,REHBERG,1,DENNY REHBERG,R,562929,1,0.815517651
DENNISMCDONALD2010MT1,2010,MT,DENNIS,MCDONALD,1,DENNIS MCDONALD,D,127343,0,0.184482349
ASHLEYWOOLARD2010NC1,2010,NC,ASHLEY,WOOLARD,1,ASHLEY WOOLARD,R,58975,0,0.108790694
GBUTTERFIELD2010NC1,2010,NC,G,BUTTERFIELD,1,G K BUTTERFIELD,D,483121,1,0.891209306
PATRICKMCHENRY2010NC10,2010,NC,PATRICK,MCHENRY,10,PATRICK MCHENRY,R,606095,1,1
HEATHSHULER2010NC11,2010,NC,HEATH,SHULER,11,HEATH SHULER,D,678282,1,0.560112306
JEFFMILLER2010NC11,2010,NC,JEFF,MILLER,11,JEFF MILLER,R,532693,0,0.439887694
MELVINWATT2010NC12,2010,NC,MELVIN,WATT,12,MELVIN L WATT,D,418305,1,1
BILLRANDALL2010NC13,2010,NC,BILL,RANDALL,13,BILL RANDALL,R,76718,0,0.117250591
BRADMILLER2010NC13,2010,NC,BRAD,MILLER,13,BRAD MILLER,D,577590,1,0.882749409
RENEEELLMERS2010NC2,2010,NC,RENEE,ELLMERS,2,RENEE ELLMERS,R,406935,1,0.341919373
BOBETHERIDGE2010NC2,2010,NC,BOB,ETHERIDGE,2,BOB ETHERIDGE,D,783214,0,0.658080627
WALTERJONES2010NC3,2010,NC,WALTER,JONES,3,WALTER B JONES JR,R,373410,1,0.98767424
WILLIAMLAWSON2010NC4,2010,NC,WILLIAM,LAWSON,4,WILLIAM T LAWSON JR,R,156394,0,0.213184117
DAVIDPRICE2010NC4,2010,NC,DAVID,PRICE,4,DAVID PRICE,D,577216,1,0.786815883
VIRGINIAFOXX2010NC5,2010,NC,VIRGINIA,FOXX,5,VIRGINIA FOXX,R,409906,1,0.78976918
BILLYKENNEDY2010NC5,2010,NC,BILLY,KENNEDY,5,BILLY KENNEDY,D,109114,0,0.21023082
HOWARDCOBLE2010NC6,2010,NC,HOWARD,COBLE,6,HOWARD COBLE,R,274742,1,1
MIKEMCINTYRE2010NC7,2010,NC,MIKE,MCINTYRE,7,MIKE MCINTYRE,D,740476,1,0.612553916
ILARIOPANTANO2010NC7,2010,NC,ILARIO,PANTANO,7,ILARIO GREGORY PANTANO,R,468358,0,0.387446084
HAROLDJOHNSON2010NC8,2010,NC,HAROLD,JOHNSON,8,HAROLD JOHNSON,R,286298,0,0.277692584
LARRYKISSELL2010NC8,2010,NC,LARRY,KISSELL,8,LARRY KISSELL,D,744691,1,0.722307416
SUEMYRICK2010NC9,2010,NC,SUE,MYRICK,9,SUE MYRICK,R,615611,1,0.925437192
JEFFREYDOCTOR2010NC9,2010,NC,JEFFREY,DOCTOR,9,JEFFREY JAMES DOCTOR,D,49600,0,0.074562808
MICHAELBEITLER2010NCS,2010,NC,MICHAEL,BEITLER,S,MICHAEL BEITLER,I,3250,0,0.000445262
RICKBERG2010ND1,2010,ND,RICK,BERG,1,RICK BERG,R,1178366,1,0.379311233
TRACYPOTTER2010NDS,2010,ND,TRACY,POTTER,S,TRACY POTTER,D,62190,0,0.029105617
IVYHARPER2010NE1,2010,NE,IVY,HARPER,1,IVY HARPER,D,6857,0,0.021929698
JEFFFORTENBERRY2010NE1,2010,NE,JEFF,FORTENBERRY,1,JEFF FORTENBERRY,R,305824,1,0.978070302
LEETERRY2010NE2,2010,NE,LEE,TERRY,2,LEE TERRY,R,1089598,1,0.668812156
THOMASWHITE2010NE2,2010,NE,THOMAS,WHITE,2,THOMAS M WHITE,D,539556,0,0.331187844
ADRIANSMITH2010NE3,2010,NE,ADRIAN,SMITH,3,ADRIAN SMITH,R,515422,1,0.956607436
REBEKAHDAVIS2010NE3,2010,NE,REBEKAH,DAVIS,3,REBEKAH ELIZABETH DAVIS,D,17330,0,0.032163949
DANIELHILL2010NE3,2010,NE,DANIEL,HILL,3,DANIEL NATHAN HILL,I,6050,0,0.011228615
CAROLSHEAPORTER2010NH1,2010,NH,CAROL,SHEAPORTER,1,CAROL SHEAPORTER,D,990335,0,0.584065478
FRANKGUINTA2010NH1,2010,NH,FRANK,GUINTA,1,FRANK GUINTA,R,705254,1,0.415934522
ANNKUSTER2010NH2,2010,NH,ANN,KUSTER,2,ANN MCLANE KUSTER,D,1269058,0,0.614403596
CHARLESBASS2010NH2,2010,NH,CHARLES,BASS,2,CHARLES BASS,R,786104,1,0.38058554
TIMOTHYVANBLOMMESTEYN2010NH2,2010,NH,TIMOTHY,VANBLOMMESTEYN,2,TIMOTHY VANBLOMMESTEYN,I,10350,0,0.005010864
DALEGLADING2010NJ1,2010,NJ,DALE,GLADING,1,DALE MARK GLADING,R,13200,0,0.014451278
ROBERTANDREWS2010NJ1,2010,NJ,ROBERT,ANDREWS,1,ROBERT E ANDREWS,D,900214,1,0.985548722
DONALDPAYNE2010NJ10,2010,NJ,DONALD,PAYNE,10,DONALD M PAYNE,D,411090,1,1
RALEIGHHERBERT2010NJ11,2010,NJ,RALEIGH,HERBERT,11,RALEIGH DOUGLAS HERBERT,D,9800,0,0.013035815
RODNEYFRELINGHUYSEN2010NJ11,2010,NJ,RODNEY,FRELINGHUYSEN,11,RODNEY FRELINGHUYSEN,R,741975,1,0.986964185
SCOTTSIPPRELLE2010NJ12,2010,NJ,SCOTT,SIPPRELLE,12,SCOTT SIPPRELLE,R,427101,0,0.222517511
RUSHHOLT2010NJ12,2010,NJ,RUSH,HOLT,12,RUSH HOLT,D,1492303,1,0.777482489
ALBIOSIRES2010NJ13,2010,NJ,ALBIO,SIRES,13,ALBIO SIRES,D,454269,1,0.997365353
FRANKLOBIONDO2010NJ2,2010,NJ,FRANK,LOBIONDO,2,FRANK A LOBIONDO,R,658900,1,1
JONRUNYAN2010NJ3,2010,NJ,JON,RUNYAN,3,JON RUNYAN,R,659470,1,0.248552151
HOWARDKLEINHENDLER2010NJ4,2010,NJ,HOWARD,KLEINHENDLER,4,HOWARD KLEINHENDLER,D,37751,0,0.101971578
CHRISSMITH2010NJ4,2010,NJ,CHRIS,SMITH,4,CHRIS SMITH,R,332460,1,0.898028422
SCOTTGARRETT2010NJ5,2010,NJ,SCOTT,GARRETT,5,SCOTT GARRETT,R,1039795,1,0.991525553
TODTHEISE2010NJ5,2010,NJ,TOD,THEISE,5,TOD THEISE,D,8887,0,0.008474447
ANNALITTLE2010NJ6,2010,NJ,ANNA,LITTLE,6,ANNA LITTLE,R,286551,0,0.158372519
FRANKPALLONE2010NJ6,2010,NJ,FRANK,PALLONE,6,FRANK PALLONE JR,D,1522797,1,0.841627481
EDWARDPOTOSNAK2010NJ7,2010,NJ,EDWARD,POTOSNAK,7,EDWARD POTOSNAK III,D,187153,0,0.185341289
LEONARDLANCE2010NJ7,2010,NJ,LEONARD,LANCE,7,LEONARD LANCE,R,822622,1,0.814658711
ROLANDSTRATEN2010NJ8,2010,NJ,ROLAND,STRATEN,8,ROLAND STRATEN,R,55720,0,0.053814691
BILLPASCRELL2010NJ8,2010,NJ,BILL,PASCRELL,8,BILL PASCRELL JR,D,979685,1,0.946185309
STEVENROTHMAN2010NJ9,2010,NJ,STEVEN,ROTHMAN,9,STEVEN R ROTHMAN,D,664865,1,0.993203021
MICHAELAGOSTA2010NJ9,2010,NJ,MICHAEL,AGOSTA,9,MICHAEL AGOSTA,R,4550,0,0.006796979
MARTINHEINRICH2010NM1,2010,NM,MARTIN,HEINRICH,1,MARTIN HEINRICH,D,1574371,1,0.659907492
JONBARELA2010NM1,2010,NM,JON,BARELA,1,JON BARELA,R,811374,0,0.340092508
HARRYTEAGUE2010NM2,2010,NM,HARRY,TEAGUE,2,HARRY TEAGUE,D,1226540,0,0.463675525
STEVEPEARCE2010NM2,2010,NM,STEVE,PEARCE,2,STEVE PEARCE,R,1418715,1,0.536324475
BENLUJAN2010NM3,2010,NM,BEN,LUJAN,3,BEN R LUJAN,D,634256,1,0.755083746
THOMASMULLINS2010NM3,2010,NM,THOMAS,MULLINS,3,THOMAS E MULLINS,R,205725,0,0.244916254
KENWEGNER2010NV1,2010,NV,KEN,WEGNER,1,KEN WEGNER,R,9998,0,0.006575577
SHELLEYBERKLEY2010NV1,2010,NV,SHELLEY,BERKLEY,1,SHELLEY BERKLEY,D,1510477,1,0.993424423
DEANHELLER2010NV2,2010,NV,DEAN,HELLER,2,DEAN HELLER,R,953850,1,0.997333752
JOEHECK2010NV3,2010,NV,JOE,HECK,3,JOE HECK,R,1042155,1,0.409691417
DINATITUS2010NV3,2010,NV,DINA,TITUS,3,DINA TITUS,D,1501601,0,0.590308583
RANDYALTSCHULER2010NY1,2010,NY,RANDY,ALTSCHULER,1,RANDY ALTSCHULER,R,1162654,0,0.407091452
TIMOTHYBISHOP2010NY1,2010,NY,TIMOTHY,BISHOP,1,TIMOTHY H BISHOP,D,1693348,1,0.592908548
EDOLPHUSTOWNS2010NY10,2010,NY,EDOLPHUS,TOWNS,10,EDOLPHUS TOWNS,D,992080,1,1
YVETTECLARKE2010NY11,2010,NY,YVETTE,CLARKE,11,YVETTE D CLARKE,D,426675,1,1
NYDIAVELAZQUEZ2010NY12,2010,NY,NYDIA,VELAZQUEZ,12,NYDIA M VELAZQUEZ,D,495765,1,1
MICHAELGRIMM2010NY13,2010,NY,MICHAEL,GRIMM,13,MICHAEL GRIMM,R,792768,0,0.331499447
MICHAELMCMAHON2010NY13,2010,NY,MICHAEL,MCMAHON,13,MICHAEL E MCMAHON,D,1598693,1,0.668500553
DAVIDBRUMBERG2010NY14,2010,NY,DAVID,BRUMBERG,14,DAVID RYAN BRUMBERG,R,129750,0,0.065490942
MICHELFAULKNER2010NY15,2010,NY,MICHEL,FAULKNER,15,MICHEL FAULKNER,R,107365,0,0.057611797
JOSESERRANO2010NY16,2010,NY,JOSE,SERRANO,16,JOSE E SERRANO,D,278900,1,1
YORKKLEINHANDLER2010NY17,2010,NY,YORK,KLEINHANDLER,17,YORK JAY KLEINHANDLER,I,19800,0,0.029111653
ELIOTENGEL2010NY17,2010,NY,ELIOT,ENGEL,17,ELIOT L ENGEL,D,660340,1,0.970888347
NITALOWEY2010NY18,2010,NY,NITA,LOWEY,18,NITA M LOWEY,D,1457130,1,0.993624189
JIMRUSSELL2010NY18,2010,NY,JIM,RUSSELL,18,JIM RUSSELL,R,9350,0,0.006375811
NANHAYWORTH2010NY19,2010,NY,NAN,HAYWORTH,19,NAN HAYWORTH,R,1124221,0,0.477719246
JOHNHALL2010NY19,2010,NY,JOHN,HALL,19,JOHN HALL,D,1229088,1,0.522280754
JOHNGOMEZ2010NY2,2010,NY,JOHN,GOMEZ,2,JOHN GOMEZ,R,192391,0,0.111349176
STEVEISRAEL2010NY2,2010,NY,STEVE,ISRAEL,2,STEVE ISRAEL,D,1535426,1,0.888650824
CHRISGIBSON2010NY20,2010,NY,CHRIS,GIBSON,20,CHRIS GIBSON,R,916953,1,0.220632533
PAULTONKO2010NY21,2010,NY,PAUL,TONKO,21,PAUL TONKO,D,547886,1,0.972315195
TEDDANZ2010NY21,2010,NY,TED,DANZ,21,TED DANZ,R,15600,0,0.027684805
MAURICEHINCHEY2010NY22,2010,NY,MAURICE,HINCHEY,22,MAURICE HINCHEY,D,535406,1,0.678194407
GEORGEPHILLIPS2010NY22,2010,NY,GEORGE,PHILLIPS,22,GEORGE K PHILLIPS,R,254052,0,0.321805593
MATTDOHENY2010NY23,2010,NY,MATT,DOHENY,23,MATT DOHENY,R,648238,0,0.224993501
DOUGHOFFMAN2010NY23,2010,NY,DOUG,HOFFMAN,23,DOUG HOFFMAN,I,607795,0,0.210956354
BILLOWENS2010NY23,2010,NY,BILL,OWENS,23,BILL OWENS,D,1625108,1,0.564050145
MIKEARCURI2010NY24,2010,NY,MIKE,ARCURI,24,MIKE ARCURI,D,992264,0,0.63278874
RICHARDHANNA2010NY24,2010,NY,RICHARD,HANNA,24,RICHARD HANNA,R,575817,1,0.36721126
ANNBUERKLE2010NY25,2010,NY,ANN,BUERKLE,25,ANN MARIE BUERKLE,R,395823,0,0.177587419
CHRISTOPHERLEE2010NY26,2010,NY,CHRISTOPHER,LEE,26,CHRISTOPHER J LEE,R,935394,1,1
LEONARDROBERTO2010NY27,2010,NY,LEONARD,ROBERTO,27,LEONARD A ROBERTO,R,31810,0,0.049979653
BRIANHIGGINS2010NY27,2010,NY,BRIAN,HIGGINS,27,BRIAN M HIGGINS,D,604649,1,0.950020347
JILLROWLAND2010NY28,2010,NY,JILL,ROWLAND,28,JILL ANN ROWLAND,R,8313,0,0.015827955
LOUISESLAUGHTER2010NY28,2010,NY,LOUISE,SLAUGHTER,28,LOUISE M SLAUGHTER,D,516897,1,0.984172045
TOMREED2010NY29,2010,NY,TOM,REED,29,TOM REED,R,538151,1,0.682635604
MATTHEWZELLER2010NY29,2010,NY,MATTHEW,ZELLER,29,MATTHEW ZELLER,D,250192,0,0.317364396
PETEKING2010NY3,2010,NY,PETE,KING,3,PETE KING,R,819467,1,0.994984203
CAROLYNMCCARTHY2010NY4,2010,NY,CAROLYN,MCCARTHY,4,CAROLYN MCCARTHY,D,808240,1,0.874153821
FRANCISBECKER2010NY4,2010,NY,FRANCIS,BECKER,4,FRANCIS X BECKER JR,R,116357,0,0.125846179
JAMESMILANO2010NY5,2010,NY,JAMES,MILANO,5,JAMES MILANO,R,33800,0,0.045109912
GARYACKERMAN2010NY5,2010,NY,GARY,ACKERMAN,5,GARY ACKERMAN,D,715481,1,0.954890088
GREGORYMEEKS2010NY6,2010,NY,GREGORY,MEEKS,6,GREGORY W MEEKS,D,682488,1,0.976883594
ASHERTAUB2010NY6,2010,NY,ASHER,TAUB,6,ASHER E TAUB,R,16150,0,0.023116406
JOSEPHCROWLEY2010NY7,2010,NY,JOSEPH,CROWLEY,7,JOSEPH CROWLEY,D,1446262,1,1
JERROLDNADLER2010NY8,2010,NY,JERROLD,NADLER,8,JERROLD NADLER,D,928344,1,0.97021458
SUSANKONE2010NY8,2010,NY,SUSAN,KONE,8,SUSAN KONE,R,28500,0,0.02978542
ROBERTTURNER2010NY9,2010,NY,ROBERT,TURNER,9,ROBERT L TURNER,R,59365,0,0.063783267
ANTHONYWEINER2010NY9,2010,NY,ANTHONY,WEINER,9,ANTHONY D WEINER,D,871365,1,0.936216733
RANDOLPHCREDICO2010NYS,2010,NY,RANDOLPH,CREDICO,S,RANDOLPH A CREDICO,I,8600,0,0.000419202
STEVEDRIEHAUS2010OH1,2010,OH,STEVE,DRIEHAUS,1,STEVE DRIEHAUS,D,1228258,0,0.535927995
STEVECHABOT2010OH1,2010,OH,STEVE,CHABOT,1,STEVE CHABOT,R,1063576,1,0.464072005
PETERCORRIGAN2010OH10,2010,OH,PETER,CORRIGAN,10,PETER J CORRIGAN,R,146442,0,0.317950588
DENNISKUCINICH2010OH10,2010,OH,DENNIS,KUCINICH,10,DENNIS KUCINICH,D,314139,1,0.682049412
MARCIAFUDGE2010OH11,2010,OH,MARCIA,FUDGE,11,MARCIA L FUDGE,D,394448,1,1
PAULABROOKS2010OH12,2010,OH,PAULA,BROOKS,12,PAULA BROOKS,D,841587,0,0.306899213
BETTYSUTTON2010OH13,2010,OH,BETTY,SUTTON,13,BETTY SUE SUTTON,D,1103282,1,0.798785693
TOMGANLEY2010OH13,2010,OH,TOM,GANLEY,13,TOM GANLEY,R,277917,0,0.201214307
WILLIAMONEILL2010OH14,2010,OH,WILLIAM,ONEILL,14,WILLIAM M ONEILL,D,102292,0,0.108031497
STEVELATOURETTE2010OH14,2010,OH,STEVE,LATOURETTE,14,STEVE LATOURETTE,R,844580,1,0.891968503
STEVESTIVERS2010OH15,2010,OH,STEVE,STIVERS,15,STEVE STIVERS,R,1636873,1,0.520570987
MARYKILROY2010OH15,2010,OH,MARY,KILROY,15,MARY JO KILROY,D,1506957,0,0.479254098
DAVIDRYON2010OH15,2010,OH,DAVID,RYON,15,DAVID BLAIR RYON,I,550,0,0.000174915
JIMRENACCI2010OH16,2010,OH,JIM,RENACCI,16,JIM RENACCI,R,938869,1,0.44378946
JEFFREYBLEVINS2010OH16,2010,OH,JEFFREY,BLEVINS,16,JEFFREY J BLEVINS,I,1050,0,0.000496319
JOHNBOCCIERI2010OH16,2010,OH,JOHN,BOCCIERI,16,JOHN A BOCCIERI,D,1175654,0,0.55571422
TIMRYAN2010OH17,2010,OH,TIM,RYAN,17,TIM RYAN,D,664439,1,0.960022135
JAMESGRAHAM2010OH17,2010,OH,JAMES,GRAHAM,17,JAMES J GRAHAM,R,27669,0,0.039977865
BOBGIBBS2010OH18,2010,OH,BOB,GIBBS,18,BOB GIBBS,R,596628,1,0.279265052
ZACKNA2010OH18,2010,OH,ZACK,NA,18,ZACK,D,1539794,0,0.720734948
JEANSCHMIDT2010OH2,2010,OH,JEAN,SCHMIDT,2,JEAN SCHMIDT,R,519778,1,0.76726342
SURYAYALAMANCHILI2010OH2,2010,OH,SURYA,YALAMANCHILI,2,SURYA YALAMANCHILI,D,157666,0,0.23273658
MICHAELTURNER2010OH3,2010,OH,MICHAEL,TURNER,3,MICHAEL R TURNER,R,372335,1,0.990687403
JOEROBERTS2010OH3,2010,OH,JOE,ROBERTS,3,JOE ROBERTS,D,3500,0,0.009312597
JIMJORDAN2010OH4,2010,OH,JIM,JORDAN,4,JIM JORDAN,R,467553,1,0.989419176
ROBERTLATTA2010OH5,2010,OH,ROBERT,LATTA,5,ROBERT E LATTA,R,308415,1,1
RICHARDCADLE2010OH6,2010,OH,RICHARD,CADLE,6,RICHARD E CADLE,I,5050,0,0.005001302
CHARLIEWILSON2010OH6,2010,OH,CHARLIE,WILSON,6,CHARLIE WILSON,D,675219,0,0.668707792
BILLJOHNSON2010OH6,2010,OH,BILL,JOHNSON,6,BILL JOHNSON,R,329468,1,0.326290905
STEVEAUSTRIA2010OH7,2010,OH,STEVE,AUSTRIA,7,STEVE AUSTRIA,R,444387,1,1
JUSTINCOUSSOULE2010OH8,2010,OH,JUSTIN,COUSSOULE,8,JUSTIN COUSSOULE,D,69981,0,0.018926982
MARCYKAPTUR2010OH9,2010,OH,MARCY,KAPTUR,9,MARCY KAPTUR,D,437737,1,0.814796132
RICHIOTT2010OH9,2010,OH,RICH,IOTT,9,RICH IOTT,R,99498,0,0.185203868
MICHAELPRYCE2010OHS,2010,OH,MICHAEL,PRYCE,S,MICHAEL PRYCE,I,4400,0,0.000359875
DANIELLABOTZ2010OHS,2010,OH,DANIEL,LABOTZ,S,DANIEL H LABOTZ,I,4300,0,0.000351696
JOHNSULLIVAN2010OK1,2010,OK,JOHN,SULLIVAN,1,JOHN SULLIVAN,R,565784,1,1
DANBOREN2010OK2,2010,OK,DAN,BOREN,2,DAN BOREN,D,914228,1,0.965485632
CHARLESTHOMPSON2010OK2,2010,OK,CHARLES,THOMPSON,2,CHARLES THOMPSON,R,32682,0,0.034514368
FRANKLUCAS2010OK3,2010,OK,FRANK,LUCAS,3,FRANK D LUCAS,R,742291,1,1
BILLYCOYLE2010OK5,2010,OK,BILLY,COYLE,5,BILLY COYLE,D,248973,0,0.29789762
JAMESLANKFORD2010OK5,2010,OK,JAMES,LANKFORD,5,JAMES LANKFORD,R,584444,1,0.699290592
ROBERTCORNILLES2010OR1,2010,OR,ROBERT,CORNILLES,1,ROBERT CORNILLES,R,776719,0,0.477545402
DAVIDWU2010OR1,2010,OR,DAVID,WU,1,DAVID WU,D,849763,1,0.522454598
GREGWALDEN2010OR2,2010,OR,GREG,WALDEN,2,GREG WALDEN,R,1052276,1,0.990847423
JOYCESEGERS2010OR2,2010,OR,JOYCE,SEGERS,2,JOYCE B SEGERS,D,9720,0,0.009152577
EARLBLUMENAUER2010OR3,2010,OR,EARL,BLUMENAUER,3,EARL BLUMENAUER,D,868856,1,0.981499786
DELIALOPEZ2010OR3,2010,OR,DELIA,LOPEZ,3,DELIA LOPEZ,R,14867,0,0.016794448
JEFFREYLAWRENCE2010OR3,2010,OR,JEFFREY,LAWRENCE,3,JEFFREY T LAWRENCE,I,1510,0,0.001705766
ARTROBINSON2010OR4,2010,OR,ART,ROBINSON,4,ART ROBINSON,R,550975,0,0.45614818
PETERDEFAZIO2010OR4,2010,OR,PETER,DEFAZIO,4,PETER DEFAZIO,D,656911,1,0.54385182
SCOTTBRUUN2010OR5,2010,OR,SCOTT,BRUUN,5,SCOTT BRUUN,R,715927,0,0.409492384
KURTSCHRADER2010OR5,2010,OR,KURT,SCHRADER,5,KURT SCHRADER,D,1032401,1,0.590507616
MARCDELPHINE2010ORS,2010,OR,MARC,DELPHINE,S,MARC DELPHINE,I,2700,0,0.000562327
ROBERTBRADY2010PA1,2010,PA,ROBERT,BRADY,1,ROBERT A BRADY,D,545619,1,1
TOMMARINO2010PA10,2010,PA,TOM,MARINO,10,TOM MARINO,R,376055,1,0.291133645
CHRISCARNEY2010PA10,2010,PA,CHRIS,CARNEY,10,CHRIS CARNEY,D,915637,0,0.708866355
LOUBARLETTA2010PA11,2010,PA,LOU,BARLETTA,11,LOU BARLETTA,R,552136,1,0.273361042
PAULKANJORSKI2010PA11,2010,PA,PAUL,KANJORSKI,11,PAUL E KANJORSKI,D,1467669,0,0.726638958
MARKCRITZ2010PA12,2010,PA,MARK,CRITZ,12,MARK CRITZ,D,1460396,1,0.609838963
TIMOTHYBURNS2010PA12,2010,PA,TIMOTHY,BURNS,12,TIMOTHY R BURNS,R,934328,0,0.390161037
DEEADCOCK2010PA13,2010,PA,DEE,ADCOCK,13,DEE ADCOCK,R,172950,0,0.079433498
MIKEDOYLE2010PA14,2010,PA,MIKE,DOYLE,14,MIKE DOYLE,D,481437,1,0.954864596
MELISSAHALUSZCZAK2010PA14,2010,PA,MELISSA,HALUSZCZAK,14,MELISSA HALUSZCZAK,R,22757,0,0.045135404
CHARLIEDENT2010PA15,2010,PA,CHARLIE,DENT,15,CHARLIE DENT,R,1304432,1,0.533452203
JOHNCALLAHAN2010PA15,2010,PA,JOHN,CALLAHAN,15,JOHN CALLAHAN,D,1140833,0,0.466547797
JOEPITTS2010PA16,2010,PA,JOE,PITTS,16,JOE PITTS,R,396016,1,0.696089926
LOISHERR2010PA16,2010,PA,LOIS,HERR,16,LOIS K HERR,D,172899,0,0.303910074
DAVIDARGALL2010PA17,2010,PA,DAVID,ARGALL,17,DAVID G ARGALL,R,190038,0,0.206274707
TIMHOLDEN2010PA17,2010,PA,TIM,HOLDEN,17,TIM HOLDEN,D,731248,1,0.793725293
TIMMURPHY2010PA18,2010,PA,TIM,MURPHY,18,TIM MURPHY,R,1006625,1,0.848812148
DANIELCONNOLLY2010PA18,2010,PA,DANIEL,CONNOLLY,18,DANIEL C CONNOLLY,D,179297,0,0.151187852
TODDPLATTS2010PA19,2010,PA,TODD,PLATTS,19,TODD PLATTS,R,105660,1,0.948840217
RYANSANDERS2010PA19,2010,PA,RYAN,SANDERS,19,RYAN SANDERS,D,5397,0,0.048465745
CHAKAFATTAH2010PA2,2010,PA,CHAKA,FATTAH,2,CHAKA FATTAH,D,385890,1,0.981933383
RICKHELLBERG2010PA2,2010,PA,RICK,HELLBERG,2,RICK HELLBERG,R,7100,0,0.018066617
MIKEKELLY2010PA3,2010,PA,MIKE,KELLY,3,MIKE KELLY,R,455317,1,0.270527024
KATHYDAHLKEMPER2010PA3,2010,PA,KATHY,DAHLKEMPER,3,KATHY DAHLKEMPER,D,1227757,0,0.729472976
KEITHROTHFUS2010PA4,2010,PA,KEITH,ROTHFUS,4,KEITH J ROTHFUS,R,612134,0,0.317463297
JASONALTMIRE2010PA4,2010,PA,JASON,ALTMIRE,4,JASON ALTMIRE,D,1316070,1,0.682536703
MICHAELPIPE2010PA5,2010,PA,MICHAEL,PIPE,5,MICHAEL PIPE,D,18500,0,0.030755113
GLENNTHOMPSON2010PA5,2010,PA,GLENN,THOMPSON,5,GLENN THOMPSON,R,583026,1,0.969244887
JIMGERLACH2010PA6,2010,PA,JIM,GERLACH,6,JIM GERLACH,R,1153995,1,0.59855599
MANANTRIVEDI2010PA6,2010,PA,MANAN,TRIVEDI,6,MANAN TRIVEDI,D,773970,0,0.40144401
BRYANLENTZ2010PA7,2010,PA,BRYAN,LENTZ,7,BRYAN LENTZ,D,1075656,0,0.367817444
MICHAELFITZPATRICK2010PA8,2010,PA,MICHAEL,FITZPATRICK,8,MICHAEL G FITZPATRICK,R,991667,1,0.300310496
BILLSHUSTER2010PA9,2010,PA,BILL,SHUSTER,9,BILL SHUSTER,R,479159,1,1
DAVIDCICILLINE2010RI1,2010,RI,DAVID,CICILLINE,1,DAVID CICILLINE,D,1117461,1,0.812808269
JOHNLOUGHLIN2010RI1,2010,RI,JOHN,LOUGHLIN,1,JOHN LOUGHLIN,R,257354,0,0.187191731
JIMLANGEVIN2010RI2,2010,RI,JIM,LANGEVIN,2,JIM LANGEVIN,D,678064,1,0.935291651
MARKZACCARIA2010RI2,2010,RI,MARK,ZACCARIA,2,MARK ZACCARIA,R,46712,0,0.064432478
ROBERTGROCE2010SC1,2010,SC,ROBERT,GROCE,1,ROBERT E GROCE,I,4800,0,0.006334409
TIMSCOTT2010SC1,2010,SC,TIM,SCOTT,1,TIM SCOTT,R,752016,1,0.992411906
JOEWILSON2010SC2,2010,SC,JOE,WILSON,2,JOE WILSON,R,888025,1,0.480510387
ROBMILLER2010SC2,2010,SC,ROB,MILLER,2,ROB MILLER,D,960062,0,0.519489613
JEFFDUNCAN2010SC3,2010,SC,JEFF,DUNCAN,3,JEFF DUNCAN,R,536176,1,0.797434769
JANEDYER2010SC3,2010,SC,JANE,DYER,3,JANE DYER,D,136200,0,0.202565231
TREYGOWDY2010SC4,2010,SC,TREY,GOWDY,4,TREY GOWDY,R,559488,1,0.967322974
DAVIDEDWARDS2010SC4,2010,SC,DAVID,EDWARDS,4,DAVID MICHAEL EDWARDS,I,5050,0,0.008731163
PAULCORDEN2010SC4,2010,SC,PAUL,CORDEN,4,PAUL H CORDEN,D,13850,0,0.023945863
MICKMULVANEY2010SC5,2010,SC,MICK,MULVANEY,5,MICK MULVANEY,R,828412,1,0.405461811
JOHNSPRATT2010SC5,2010,SC,JOHN,SPRATT,5,JOHN M SPRATT JR,D,1214720,0,0.594538189
JIMPRATT2010SC6,2010,SC,JIM,PRATT,6,JIM PRATT,R,25610,0,0.013107569
TOMCLEMENTS2010SCS,2010,SC,TOM,CLEMENTS,S,TOM CLEMENTS,I,26436,0,0.006997646
STEPHANIESANDLIN2010SD1,2010,SD,STEPHANIE,SANDLIN,1,STEPHANIE HERSETH SANDLIN,D,1104929,0,0.503159407
KRISTINOEM2010SD1,2010,SD,KRISTI,NOEM,1,KRISTI NOEM,R,1089853,1,0.496294141
PHILROE2010TN1,2010,TN,PHIL,ROE,1,PHIL ROE,R,332723,1,1
JOHNDUNCAN2010TN2,2010,TN,JOHN,DUNCAN,2,JOHN J DUNCAN JR,R,332516,1,1
CHUCKFLEISCHMANN2010TN3,2010,TN,CHUCK,FLEISCHMANN,3,CHUCK FLEISCHMANN,R,420010,1,0.956762212
MARKDEVOL2010TN3,2010,TN,MARK,DEVOL,3,MARK DEVOL,I,8381,0,0.019091508
SAVASKYRIAKIDIS2010TN3,2010,TN,SAVAS,KYRIAKIDIS,3,SAVAS KYRIAKIDIS,I,10600,0,0.024146281
LINCOLNDAVIS2010TN4,2010,TN,LINCOLN,DAVIS,4,LINCOLN DAVIS,D,743300,0,0.543456009
SCOTTDESJARLAIS2010TN4,2010,TN,SCOTT,DESJARLAIS,4,SCOTT DESJARLAIS,R,624428,1,0.456543991
DAVIDHALL2010TN5,2010,TN,DAVID,HALL,5,DAVID HALL,R,38000,0,0.059509175
JIMCOOPER2010TN5,2010,TN,JIM,COOPER,5,JIM COOPER,D,597851,1,0.936253146
DIANEBLACK2010TN6,2010,TN,DIANE,BLACK,6,DIANE BLACK,R,607974,1,0.824455368
BRETTCARTER2010TN6,2010,TN,BRETT,CARTER,6,BRETT CARTER,D,129451,0,0.175544632
MARSHABLACKBURN2010TN7,2010,TN,MARSHA,BLACKBURN,7,MARSHA BLACKBURN,R,850946,1,0.95851431
GREGRABIDOUX2010TN7,2010,TN,GREG,RABIDOUX,7,GREG ROBERT RABIDOUX,D,36830,0,0.04148569
ROYHERRON2010TN8,2010,TN,ROY,HERRON,8,ROY HERRON,D,1295441,0,0.444805394
STEVEFINCHER2010TN8,2010,TN,STEVE,FINCHER,8,STEVE FINCHER,R,1614236,1,0.554267528
CHARLOTTEBERGMANN2010TN9,2010,TN,CHARLOTTE,BERGMANN,9,CHARLOTTE BERGMANN,R,120827,0,0.155477091
STEVECOHEN2010TN9,2010,TN,STEVE,COHEN,9,STEVE COHEN,D,656310,1,0.844522909
LOUISGOHMERT2010TX1,2010,TX,LOUIS,GOHMERT,1,LOUIS B GOHMERT JR,R,511070,1,1
MICHAELMCCAUL2010TX10,2010,TX,MICHAEL,MCCAUL,10,MICHAEL MCCAUL,R,960894,1,0.992255218
TEDANKRUM2010TX10,2010,TX,TED,ANKRUM,10,TED ANKRUM,D,7500,0,0.007744782
MIKECONAWAY2010TX11,2010,TX,MIKE,CONAWAY,11,MIKE CONAWAY,R,709163,1,1
KAYGRANGER2010TX12,2010,TX,KAY,GRANGER,12,KAY GRANGER,R,838243,1,0.998511006
MACTHORNBERRY2010TX13,2010,TX,MAC,THORNBERRY,13,MAC THORNBERRY,R,369525,1,1
RONPAUL2010TX14,2010,TX,RON,PAUL,14,RON PAUL,R,141566,1,0.976007611
ROBERTPRUETT2010TX14,2010,TX,ROBERT,PRUETT,14,ROBERT C PRUETT JR,D,3480,0,0.023992389
EDDIEZAMORA2010TX15,2010,TX,EDDIE,ZAMORA,15,EDDIE ZAMORA,R,53007,0,0.108194553
RUBENHINOJOSA2010TX15,2010,TX,RUBEN,HINOJOSA,15,RUBEN HINOJOSA,D,436916,1,0.891805447
SILVESTREREYES2010TX16,2010,TX,SILVESTRE,REYES,16,SILVESTRE REYES,D,515648,1,0.990271051
TIMBESCO2010TX16,2010,TX,TIM,BESCO,16,TIM BESCO,R,4936,0,0.009479292
BILLFLORES2010TX17,2010,TX,BILL,FLORES,17,BILL FLORES,R,1125883,1,0.342538413
SHEILALEE2010TX18,2010,TX,SHEILA,LEE,18,SHEILA JACKSON LEE,D,530142,1,0.853564367
JOHNFAULK2010TX18,2010,TX,JOHN,FAULK,18,JOHN M FAULK,R,90950,0,0.146435633
RANDYNEUGEBAUER2010TX19,2010,TX,RANDY,NEUGEBAUER,19,RANDY NEUGEBAUER,R,807213,1,0.991557403
ANDYWILSON2010TX19,2010,TX,ANDY,WILSON,19,ANDY WILSON,D,6873,0,0.008442597
TEDPOE2010TX2,2010,TX,TED,POE,2,TED POE,R,469003,1,1
CHARLESGONZALEZ2010TX20,2010,TX,CHARLES,GONZALEZ,20,CHARLIE A GONZALEZ,D,616625,1,0.886904805
CLAYTONTROTTER2010TX20,2010,TX,CLAYTON,TROTTER,20,CLAYTON TROTTER,R,78630,0,0.113095195
LAINEYMELNICK2010TX21,2010,TX,LAINEY,MELNICK,21,LAINEY MELNICK,D,6294,0,0.007162699
LAMARSMITH2010TX21,2010,TX,LAMAR,SMITH,21,LAMAR SMITH,R,871225,1,0.991471676
PETEOLSON2010TX22,2010,TX,PETE,OLSON,22,PETE OLSON,R,633422,1,0.958681564
KESHAROGERS2010TX22,2010,TX,KESHA,ROGERS,22,KESHA ROGERS,D,27300,0,0.041318436
FRANCISCOCANSECO2010TX23,2010,TX,FRANCISCO,CANSECO,23,FRANCISCO CANSECO,R,811989,1,0.446893525
CIRORODRIGUEZ2010TX23,2010,TX,CIRO,RODRIGUEZ,23,CIRO D RODRIGUEZ,D,1004974,0,0.553106475
KENNYMARCHANT2010TX24,2010,TX,KENNY,MARCHANT,24,KENNY MARCHANT,R,371265,1,1
DONNACAMPBELL2010TX25,2010,TX,DONNA,CAMPBELL,25,DONNA CAMPBELL,R,293442,0,0.267438427
LLOYDDOGGETT2010TX25,2010,TX,LLOYD,DOGGETT,25,LLOYD DOGGETT,D,803790,1,0.732561573
MICHAELBURGESS2010TX26,2010,TX,MICHAEL,BURGESS,26,MICHAEL BURGESS,R,771893,1,0.934848272
NEILDURRANCE2010TX26,2010,TX,NEIL,DURRANCE,26,NEIL L DURRANCE,D,53795,0,0.065151728
BLAKEFARENTHOLD2010TX27,2010,TX,BLAKE,FARENTHOLD,27,BLAKE FARENTHOLD,R,254265,1,0.318217486
EDWARDMISHOU2010TX27,2010,TX,EDWARD,MISHOU,27,EDWARD MISHOU,I,5100,0,0.006382747
SOLOMONORTIZ2010TX27,2010,TX,SOLOMON,ORTIZ,27,SOLOMON P ORTIZ,D,539664,0,0.675399766
HENRYCUELLAR2010TX28,2010,TX,HENRY,CUELLAR,28,HENRY CUELLAR,D,668049,1,0.930132409
BRYANUNDERWOOD2010TX28,2010,TX,BRYAN,UNDERWOOD,28,BRYAN KEITH UNDERWOOD,R,50181,0,0.069867591
ROYMORALES2010TX29,2010,TX,ROY,MORALES,29,ROY MORALES JR,R,146571,0,0.163572752
GENEGREEN2010TX29,2010,TX,GENE,GREEN,29,GENE GREEN,D,749489,1,0.836427248
SAMJOHNSON2010TX3,2010,TX,SAM,JOHNSON,3,SAM JOHNSON,R,690232,1,0.985507909
JOHNLINGENFELDER2010TX3,2010,TX,JOHN,LINGENFELDER,3,JOHN LINGENFELDER JR,D,10150,0,0.014492091
STEPHENBRODEN2010TX30,2010,TX,STEPHEN,BRODEN,30,STEPHEN EDWARD BRODEN,R,282523,0,0.421962046
EDDIEJOHNSON2010TX30,2010,TX,EDDIE,JOHNSON,30,EDDIE BERNICE JOHNSON,D,387023,1,0.578037954
JOHNCARTER2010TX31,2010,TX,JOHN,CARTER,31,JOHN CARTER,R,604476,1,1
PETESESSIONS2010TX32,2010,TX,PETE,SESSIONS,32,PETE SESSIONS,R,1442992,1,0.806795233
GRIERRAGGIO2010TX32,2010,TX,GRIER,RAGGIO,32,GRIER RAGGIO,D,344156,0,0.192422009
JIMPRINDLE2010TX4,2010,TX,JIM,PRINDLE,4,JIM PRINDLE,I,8004,0,0.020505148
RALPHHALL2010TX4,2010,TX,RALPH,HALL,4,RALPH HALL,R,379837,1,0.973090195
VALINDAHATHCOX2010TX4,2010,TX,VALINDA,HATHCOX,4,VALINDA HATHCOX,D,2500,0,0.006404656
JEBHENSARLING2010TX5,2010,TX,JEB,HENSARLING,5,JEB HENSARLING,R,1219405,1,0.997545822
JOEBARTON2010TX6,2010,TX,JOE,BARTON,6,JOE BARTON,R,1184705,1,0.997180265
DAVIDCOZAD2010TX6,2010,TX,DAVID,COZAD,6,DAVID COZAD,D,3350,0,0.002819735
JOHNCULBERSON2010TX7,2010,TX,JOHN,CULBERSON,7,JOHN CULBERSON,R,514566,1,1
KEVINBRADY2010TX8,2010,TX,KEVIN,BRADY,8,KEVIN BRADY,R,730948,1,1
STEVEMUELLER2010TX9,2010,TX,STEVE,MUELLER,9,STEVE MUELLER,R,10350,0,0.032433652
ALGREEN2010TX9,2010,TX,AL,GREEN,9,AL GREEN,D,308763,1,0.967566348
ROBBISHOP2010UT1,2010,UT,ROB,BISHOP,1,ROB BISHOP,R,193340,1,0.98698249
JIMMATHESON2010UT2,2010,UT,JIM,MATHESON,2,JIM MATHESON,D,1090905,1,0.885517245
MORGANPHILPOT2010UT2,2010,UT,MORGAN,PHILPOT,2,MORGAN PHILPOT,R,139000,0,0.112830079
DOUGLASSLIGTING2010UT3,2010,UT,DOUGLAS,SLIGTING,3,DOUGLAS SLIGTING,I,784,0,0.002002795
JASONCHAFFETZ2010UT3,2010,UT,JASON,CHAFFETZ,3,JASON CHAFFETZ,R,379319,1,0.969002664
KARENHYER2010UT3,2010,UT,KAREN,HYER,3,KAREN HYER,D,11350,0,0.028994541
SAMUELGRANATO2010UTS,2010,UT,SAMUEL,GRANATO,S,SAMUEL FRANK GRANATO,D,157066,0,0.146959039
KRYSTALBALL2010VA1,2010,VA,KRYSTAL,BALL,1,KRYSTAL BALL,D,396788,0,0.412519428
ROBWITTMAN2010VA1,2010,VA,ROB,WITTMAN,1,ROB WITTMAN,R,565077,1,0.587480572
JEFFERYBARNETT2010VA10,2010,VA,JEFFERY,BARNETT,10,JEFFERY ROBERT BARNETT,D,224810,0,0.24531489
WILLIAMREDPATH2010VA10,2010,VA,WILLIAM,REDPATH,10,WILLIAM REDPATH,I,1650,0,0.001800496
FRANKWOLF2010VA10,2010,VA,FRANK,WOLF,10,FRANK WOLF,R,689954,1,0.752884613
GERRYCONNOLLY2010VA11,2010,VA,GERRY,CONNOLLY,11,GERRY CONNOLLY,D,1436658,1,0.524238578
KEITHFIMIAN2010VA11,2010,VA,KEITH,FIMIAN,11,KEITH S FIMIAN,R,1303808,0,0.475761422
GLENNNYE2010VA2,2010,VA,GLENN,NYE,2,GLENN NYE,D,1367321,0,0.616424325
SCOTTRIGELL2010VA2,2010,VA,SCOTT,RIGELL,2,SCOTT RIGELL,R,850828,1,0.383575675
CHUCKSMITH2010VA3,2010,VA,CHUCK,SMITH,3,CHUCK SMITH,R,36032,0,0.108944899
BOBBYSCOTT2010VA3,2010,VA,BOBBY,SCOTT,3,BOBBY SCOTT,D,294654,1,0.890903923
RANDYFORBES2010VA4,2010,VA,RANDY,FORBES,4,RANDY FORBES,R,455060,1,0.915204878
WYNNELEGROW2010VA4,2010,VA,WYNNE,LEGROW,4,WYNNE LEGROW,D,42162,0,0.084795122
ROBERTHURT2010VA5,2010,VA,ROBERT,HURT,5,ROBERT HURT,R,1363972,1,0.420820036
BOBGOODLATTE2010VA6,2010,VA,BOB,GOODLATTE,6,BOB GOODLATTE,R,574294,1,0.989172896
STUARTBAIN2010VA6,2010,VA,STUART,BAIN,6,STUART BAIN,I,3550,0,0.006114575
JEFFREYVANKE2010VA6,2010,VA,JEFFREY,VANKE,6,JEFFREY W VANKE,I,2736,0,0.004712529
RICKWAUGH2010VA7,2010,VA,RICK,WAUGH,7,RICK WAUGH,D,57578,0,0.01521139
FLOYDBAYNE2010VA7,2010,VA,FLOYD,BAYNE,7,FLOYD C BAYNE,I,7502,0,0.001981935
JIMMORAN2010VA8,2010,VA,JIM,MORAN,8,JIM MORAN,D,869058,1,0.834325849
PATRICKMURRAY2010VA8,2010,VA,PATRICK,MURRAY,8,PATRICK MURRAY,R,172571,0,0.165674151
MORGANGRIFFITH2010VA9,2010,VA,MORGAN,GRIFFITH,9,MORGAN GRIFFITH,R,608040,1,0.262316865
RICKBOUCHER2010VA9,2010,VA,RICK,BOUCHER,9,RICK BOUCHER,D,1709020,0,0.737294863
JEREMIAHHEATON2010VA9,2010,VA,JEREMIAH,HEATON,9,JEREMIAH DAVID HEATON,I,900,0,0.000388272
PETERWELCH2010VT1,2010,VT,PETER,WELCH,1,PETER WELCH,D,596204,1,0.990982815
PAULBEAUDRY2010VT1,2010,VT,PAUL,BEAUDRY,1,PAUL BEAUDRY,R,5425,0,0.009017185
LENBRITTON2010VTS,2010,VT,LEN,BRITTON,S,LEN BRITTON,R,117518,0,0.039757943
JAYINSLEE2010WA1,2010,WA,JAY,INSLEE,1,JAY INSLEE,D,796818,1,0.889316722
JAMESWATKINS2010WA1,2010,WA,JAMES,WATKINS,1,JAMES WATKINS,R,99171,0,0.110683278
JOHNKOSTER2010WA2,2010,WA,JOHN,KOSTER,2,JOHN KOSTER,R,356314,0,0.241570451
RICKLARSEN2010WA2,2010,WA,RICK,LARSEN,2,RICK LARSEN,D,1118676,1,0.758429549
JAIMEBEUTLER2010WA3,2010,WA,JAIME,BEUTLER,3,JAIME HERRERA BEUTLER,R,805114,1,0.442400714
DENNISHECK2010WA3,2010,WA,DENNIS,HECK,3,DENNIS HECK,D,1014761,0,0.557599286
DOCHASTINGS2010WA4,2010,WA,DOC,HASTINGS,4,DOC HASTINGS,R,503274,1,0.873475721
JAYCLOUGH2010WA4,2010,WA,JAY,CLOUGH,4,JAY CLOUGH,D,72900,0,0.126524279
CATHYRODGERS2010WA5,2010,WA,CATHY,RODGERS,5,CATHY MCMORRIS RODGERS,R,696506,1,0.997422333
NORMDICKS2010WA6,2010,WA,NORM,DICKS,6,NORM DICKS,D,897750,1,0.971774957
DOUGCLOUD2010WA6,2010,WA,DOUG,CLOUD,6,DOUG CLOUD,R,26075,0,0.028225043
JIMMCDERMOTT2010WA7,2010,WA,JIM,MCDERMOTT,7,JIM MCDERMOTT,D,345121,1,1
DAVEREICHERT2010WA8,2010,WA,DAVE,REICHERT,8,DAVE REICHERT,R,1608367,1,0.602643533
SUZANDELBENE2010WA8,2010,WA,SUZAN,DELBENE,8,SUZAN DELBENE,D,1060486,0,0.397356467
DICKMURI2010WA9,2010,WA,DICK,MURI,9,DICK MURI,R,104618,0,0.165357417
ADAMSMITH2010WA9,2010,WA,ADAM,SMITH,9,ADAM SMITH,D,528060,1,0.834642583
TAMMYBALDWIN2010WI2,2010,WI,TAMMY,BALDWIN,2,TAMMY BALDWIN,D,515194,1,0.941864079
CHADLEE2010WI2,2010,WI,CHAD,LEE,2,CHAD LEE,R,31800,0,0.058135921
RONKIND2010WI3,2010,WI,RON,KIND,3,RON KIND,D,1173007,1,0.733365885
DANKAPANKE2010WI3,2010,WI,DAN,KAPANKE,3,DAN KAPANKE,R,426477,0,0.266634115
GWENMOORE2010WI4,2010,WI,GWEN,MOORE,4,GWEN MOORE,D,417651,1,0.982135131
DANSEBRING2010WI4,2010,WI,DAN,SEBRING,4,DAN SEBRING,R,7597,0,0.017864869
FSENSENBRENNER2010WI5,2010,WI,F,SENSENBRENNER,5,F JAMES SENSENBRENNER JR,R,238931,1,0.991904716
TOMPETRI2010WI6,2010,WI,TOM,PETRI,6,TOM PETRI,R,379533,1,0.998027785
SEANDUFFY2010WI7,2010,WI,SEAN,DUFFY,7,SEAN P DUFFY,R,946005,1,0.557589364
JULIELASSA2010WI7,2010,WI,JULIE,LASSA,7,JULIE LASSA,D,750593,0,0.442410636
STEVEKAGEN2010WI8,2010,WI,STEVE,KAGEN,8,STEVE KAGEN,D,1170622,0,0.632385116
REIDRIBBLE2010WI8,2010,WI,REID,RIBBLE,8,REID RIBBLE,R,680500,1,0.367614884
ROBERTTAYLOR2010WIS,2010,WI,ROBERT,TAYLOR,S,ROBERT ALLEN TAYLOR,I,462,0,5.31E-05
MIKEOLIVERIO2010WV1,2010,WV,MIKE,OLIVERIO,1,MIKE OLIVERIO,D,808662,0,0.573087504
DAVIDMCKINLEY2010WV1,2010,WV,DAVID,MCKINLEY,1,DAVID MCKINLEY,R,602400,1,0.426912496
SHELLEYCAPITO2010WV2,2010,WV,SHELLEY,CAPITO,2,SHELLEY MOORE CAPITO,R,928987,1,0.997530299
VIRGINIAGRAF2010WV2,2010,WV,VIRGINIA,GRAF,2,VIRGINIA LYNCH GRAF,D,2300,0,0.002469701
ELLIOTTMAYNARD2010WV3,2010,WV,ELLIOTT,MAYNARD,3,ELLIOTT MAYNARD,R,618621,0,0.45213463
NICKRAHALL2010WV3,2010,WV,NICK,RAHALL,3,NICK RAHALL,D,749602,1,0.54786537
DAVIDWENDT2010WY1,2010,WY,DAVID,WENDT,1,DAVID WENDT,D,41537,0,0.076326297
CYNTHIALUMMIS2010WY1,2010,WY,CYNTHIA,LUMMIS,1,CYNTHIA MARIE LUMMIS,R,502666,1,0.923673703