ID,YEAR,STATE,FIRST,LAST,DISTRICT,CANDIDATE,PARTY,CANDTOTAL,WINNER,RaceFundPerc
DONYOUNG2012AK1,2012,AK,DON,YOUNG,1,DON YOUNG,R,671386,1,0.998884154
JOBONNER2012AL1,2012,AL,JO,BONNER,1,JO BONNER,R,661575,1,1
MARTHAROBY2012AL2,2012,AL,MARTHA,ROBY,2,MARTHA ROBY,R,614700,1,1
MIKEROGERS2012AL3,2012,AL,MIKE,ROGERS,3,MIKE D ROGERS,R,682615,1,1
ROBERTADERHOLT2012AL4,2012,AL,ROBERT,ADERHOLT,4,ROBERT B ADERHOLT,R,669720,1,0.983118523
CHARLIEHOLLEY2012AL5,2012,AL,CHARLIE,HOLLEY,5,CHARLIE L HOLLEY,D,16577,0,0.027571719
MOBROOKS2012AL5,2012,AL,MO,BROOKS,5,MO BROOKS,R,584655,1,0.972428281
PENNYBAILEY2012AL6,2012,AL,PENNY,BAILEY,6,PENNY BAILEY,D,27322,0,0.013774884
TERRISEWELL2012AL7,2012,AL,TERRI,SEWELL,7,TERRI A SEWELL,D,709495,1,0.997960461
DONCHAMBERLAIN2012AL7,2012,AL,DON,CHAMBERLAIN,7,DON CHAMBERLAIN,R,1450,0,0.002039539
RICKCRAWFORD2012AR1,2012,AR,RICK,CRAWFORD,1,RICK CRAWFORD,R,736873,1,0.75339264
SCOTTELLINGTON2012AR1,2012,AR,SCOTT,ELLINGTON,1,SCOTT ELLINGTON,D,241200,0,0.24660736
TIMGRIFFIN2012AR2,2012,AR,TIM,GRIFFIN,2,TIM GRIFFIN,R,903408,1,0.943417388
HERBRULE2012AR2,2012,AR,HERB,RULE,2,HERB RULE,D,54183,0,0.056582612
STEVEWOMACK2012AR3,2012,AR,STEVE,WOMACK,3,STEVE WOMACK,R,585163,1,1
TOMCOTTON2012AR4,2012,AR,TOM,COTTON,4,TOM COTTON,R,1361189,1,0.958982929
GENEJEFFRESS2012AR4,2012,AR,GENE,JEFFRESS,4,GENE JEFFRESS,D,58220,0,0.041017071
ANNKIRKPATRICK2012AZ1,2012,AZ,ANN,KIRKPATRICK,1,ANN KIRKPATRICK,D,1249636,1,0.577679898
JONATHANPATON2012AZ1,2012,AZ,JONATHAN,PATON,1,JONATHAN PATON,R,913562,0,0.422320102
MARTHAMCSALLY2012AZ2,2012,AZ,MARTHA,MCSALLY,2,MARTHA MCSALLY,R,801543,0,0.346663558
RONBARBER2012AZ2,2012,AZ,RON,BARBER,2,RON BARBER,D,1510621,1,0.653336442
GABRIELAMERCER2012AZ3,2012,AZ,GABRIELA,MERCER,3,GABRIELA SAUCEDO MERCER,R,125507,0,0.198062411
BLANCAGUERRA2012AZ3,2012,AZ,BLANCA,GUERRA,3,BLANCA GUERRA,I,9349,0,0.014753643
RAULGRIJALVA2012AZ3,2012,AZ,RAUL,GRIJALVA,3,RAUL M GRIJALVA,D,498818,1,0.787183946
PAULGOSAR2012AZ4,2012,AZ,PAUL,GOSAR,4,PAUL GOSAR,R,730510,1,1
MATTSALMON2012AZ5,2012,AZ,MATT,SALMON,5,MATT SALMON,R,682008,1,1
DAVIDSCHWEIKERT2012AZ6,2012,AZ,DAVID,SCHWEIKERT,6,DAVID SCHWEIKERT,R,1124850,1,0.996412437
MATTJETTE2012AZ6,2012,AZ,MATT,JETTE,6,MATT JETTE,D,4050,0,0.003587563
EDPASTOR2012AZ7,2012,AZ,ED,PASTOR,7,ED PASTOR,D,649649,1,1
TRENTFRANKS2012AZ8,2012,AZ,TRENT,FRANKS,8,TRENT FRANKS,R,254350,1,0.975081464
GENESCHARER2012AZ8,2012,AZ,GENE,SCHARER,8,GENE SCHARER,D,6500,0,0.024918536
VERNONPARKER2012AZ9,2012,AZ,VERNON,PARKER,9,VERNON PARKER,R,674647,0,0.373314365
KYRSTENSINEMA2012AZ9,2012,AZ,KYRSTEN,SINEMA,9,KYRSTEN SINEMA,D,1132535,1,0.626685635
DOUGLAMALFA2012CA1,2012,CA,DOUG,LAMALFA,1,DOUG LAMALFA,R,473742,1,0.926553164
JAMESREED2012CA1,2012,CA,JAMES,REED,1,JAMES E REED,D,37553,0,0.073446836
JEFFDENHAM2012CA10,2012,CA,JEFF,DENHAM,10,JEFF DENHAM,R,1639077,1,0.657190708
JOSEHERNANDEZ2012CA10,2012,CA,JOSE,HERNANDEZ,10,JOSE M HERNANDEZ,D,854989,0,0.342809292
GEORGEMILLER2012CA11,2012,CA,GEORGE,MILLER,11,GEORGE MILLER,D,542760,1,0.999539603
JOHNDENNIS2012CA12,2012,CA,JOHN,DENNIS,12,JOHN DENNIS,R,72410,0,0.044587384
NANCYPELOSI2012CA12,2012,CA,NANCY,PELOSI,12,NANCY PELOSI,D,1551592,1,0.955412616
MARILYNSINGLETON2012CA13,2012,CA,MARILYN,SINGLETON,13,MARILYN M SINGLETON,I,20200,0,0.031747828
BARBARALEE2012CA13,2012,CA,BARBARA,LEE,13,BARBARA LEE,D,616064,1,0.968252172
JACKIESPEIER2012CA14,2012,CA,JACKIE,SPEIER,14,JACKIE SPEIER,D,649676,1,0.976902037
DEBBIEBACIGALUPI2012CA14,2012,CA,DEBBIE,BACIGALUPI,14,DEBBIE BACIGALUPI,R,15361,0,0.023097963
ERICSWALWELL2012CA15,2012,CA,ERIC,SWALWELL,15,ERIC SWALWELL,D,376785,1,0.35002132
PETESTARK2012CA15,2012,CA,PETE,STARK,15,PETE STARK,D,699678,0,0.64997868
JIMCOSTA2012CA16,2012,CA,JIM,COSTA,16,JIM COSTA,D,908320,1,0.783458631
BRIANWHELAN2012CA16,2012,CA,BRIAN,WHELAN,16,BRIAN WHELAN,R,251052,0,0.216541369
MIKEHONDA2012CA17,2012,CA,MIKE,HONDA,17,MIKE HONDA,D,551805,1,0.972926511
EVELYNLI2012CA17,2012,CA,EVELYN,LI,17,EVELYN LI,R,15355,0,0.027073489
ANNAESHOO2012CA18,2012,CA,ANNA,ESHOO,18,ANNA ESHOO,D,1075759,1,1
ZOELOFGREN2012CA19,2012,CA,ZOE,LOFGREN,19,ZOE LOFGREN,D,633225,1,0.997636772
ROBERTMURRAY2012CA19,2012,CA,ROBERT,MURRAY,19,ROBERT MURRAY,R,1500,0,0.002363228
DANIELROBERTS2012CA2,2012,CA,DANIEL,ROBERTS,2,DANIEL W ROBERTS,R,29350,0,0.03458161
JAREDHUFFMAN2012CA2,2012,CA,JARED,HUFFMAN,2,JARED HUFFMAN,D,819367,1,0.96541839
SAMFARR2012CA20,2012,CA,SAM,FARR,20,SAM FARR,D,454096,1,1
JOHNHERNANDEZ2012CA21,2012,CA,JOHN,HERNANDEZ,21,JOHN HERNANDEZ,D,75209,0,0.076510209
DAVIDVALADAO2012CA21,2012,CA,DAVID,VALADAO,21,DAVID VALADAO,R,907784,1,0.923489791
OTTOLEE2012CA22,2012,CA,OTTO,LEE,22,OTTO LEE,D,229772,0,0.171609698
DEVINNUNES2012CA22,2012,CA,DEVIN,NUNES,22,DEVIN NUNES,R,1109150,1,0.828390302
TERRYPHILLIPS2012CA23,2012,CA,TERRY,PHILLIPS,23,TERRY PHILLIPS,I,20801,0,0.007797678
ABELMALDONADO2012CA24,2012,CA,ABEL,MALDONADO,24,ABEL MALDONADO,R,1092369,0,0.364283042
LEEROGERS2012CA25,2012,CA,LEE,ROGERS,25,LEE C ROGERS,D,188510,0,0.128403098
BUCKMCKEON2012CA25,2012,CA,BUCK,MCKEON,25,BUCK MCKEON,R,1279601,1,0.871596902
TONYSTRICKLAND2012CA26,2012,CA,TONY,STRICKLAND,26,TONY STRICKLAND,R,1466086,0,0.54716196
JULIABROWNLEY2012CA26,2012,CA,JULIA,BROWNLEY,26,JULIA BROWNLEY,D,1213351,1,0.45283804
JACKORSWELL2012CA27,2012,CA,JACK,ORSWELL,27,JACK ORSWELL,R,92868,0,0.138952812
JUDYCHU2012CA27,2012,CA,JUDY,CHU,27,JUDY CHU,D,575474,1,0.861047188
ADAMSCHIFF2012CA28,2012,CA,ADAM,SCHIFF,28,ADAM SCHIFF,D,784878,1,1
DAVIDHERNANDEZ2012CA29,2012,CA,DAVID,HERNANDEZ,29,DAVID R HERNANDEZ,R,2624,0,0.005402612
TONYCARDENAS2012CA29,2012,CA,TONY,CARDENAS,29,TONY CARDENAS,D,483067,1,0.994597388
KIMVANN2012CA3,2012,CA,KIM,VANN,3,KIM DOLBOW VANN,R,808186,0,0.427178134
JOHNGARAMENDI2012CA3,2012,CA,JOHN,GARAMENDI,3,JOHN GARAMENDI,D,1083732,1,0.572821866
BRADSHERMAN2012CA30,2012,CA,BRAD,SHERMAN,30,BRAD SHERMAN,D,1210970,1,0.309734287
BOBDUTTON2012CA31,2012,CA,BOB,DUTTON,31,BOB DUTTON,R,137767,0,0.136989448
GARYMILLER2012CA31,2012,CA,GARY,MILLER,31,GARY MILLER,R,867909,1,0.863010552
GRACENAPOLITANO2012CA32,2012,CA,GRACE,NAPOLITANO,32,GRACE NAPOLITANO,D,366366,1,0.944217933
DAVIDMILLER2012CA32,2012,CA,DAVID,MILLER,32,DAVID MILLER,R,21644,0,0.055782067
HENRYWAXMAN2012CA33,2012,CA,HENRY,WAXMAN,33,HENRY WAXMAN,D,1206854,1,0.835487958
BILLBLOOMFIELD2012CA33,2012,CA,BILL,BLOOMFIELD,33,BILL BLOOMFIELD,I,237636,0,0.164512042
XAVIERBECERRA2012CA34,2012,CA,XAVIER,BECERRA,34,XAVIER BECERRA,D,1315022,1,0.999240134
JOEBACA2012CA35,2012,CA,JOE,BACA,35,JOE BACA,D,645900,0,0.795177964
GLORIAMCLEOD2012CA35,2012,CA,GLORIA,MCLEOD,35,GLORIA MCLEOD,D,166371,1,0.204822036
RAULRUIZ2012CA36,2012,CA,RAUL,RUIZ,36,RAUL RUIZ,D,1140507,1,0.47290152
MARYMACK2012CA36,2012,CA,MARY,MACK,36,MARY BONO MACK,R,1271215,0,0.52709848
KARENBASS2012CA37,2012,CA,KAREN,BASS,37,KAREN BASS,D,461288,1,1
LINDASANCHEZ2012CA38,2012,CA,LINDA,SANCHEZ,38,LINDA SANCHEZ,D,738481,1,0.995148778
JAYCHEN2012CA39,2012,CA,JAY,CHEN,39,JAY CHEN,D,312012,0,0.147723372
TOMMCCLINTOCK2012CA4,2012,CA,TOM,MCCLINTOCK,4,TOM MCCLINTOCK,R,402861,1,0.975044291
JACKUPPAL2012CA4,2012,CA,JACK,UPPAL,4,JACK UPPAL,D,10311,0,0.024955709
LUCILLEROYBALALLARD2012CA40,2012,CA,LUCILLE,ROYBALALLARD,40,LUCILLE ROYBALALLARD,D,410691,1,1
JOHNTAVAGLIONE2012CA41,2012,CA,JOHN,TAVAGLIONE,41,JOHN F TAVAGLIONE,R,744154,0,0.460017371
MARKTAKANO2012CA41,2012,CA,MARK,TAKANO,41,MARK A TAKANO,D,873511,1,0.539982629
KENCALVERT2012CA42,2012,CA,KEN,CALVERT,42,KEN CALVERT,R,682918,1,1
MAXINEWATERS2012CA43,2012,CA,MAXINE,WATERS,43,MAXINE WATERS,D,437094,1,0.998401074
BOBFLORES2012CA43,2012,CA,BOB,FLORES,43,BOB FLORES,D,700,0,0.001598926
JANICEHAHN2012CA44,2012,CA,JANICE,HAHN,44,JANICE HAHN,D,1265759,1,0.796412943
LAURARICHARDSON2012CA44,2012,CA,LAURA,RICHARDSON,44,LAURA RICHARDSON,D,323566,0,0.203587057
JOHNCAMPBELL2012CA45,2012,CA,JOHN,CAMPBELL,45,JOHN CAMPBELL,R,860046,1,0.761416655
SUKHEEKANG2012CA45,2012,CA,SUKHEE,KANG,45,SUKHEE KANG,D,269488,0,0.238583345
LORETTASANCHEZ2012CA46,2012,CA,LORETTA,SANCHEZ,46,LORETTA SANCHEZ,D,960549,1,0.926626144
JERRYHAYDEN2012CA46,2012,CA,JERRY,HAYDEN,46,JERRY HAYDEN,R,76060,0,0.073373856
ALANLOWENTHAL2012CA47,2012,CA,ALAN,LOWENTHAL,47,ALAN LOWENTHAL,D,684352,1,0.481389177
GARYDELONG2012CA47,2012,CA,GARY,DELONG,47,GARY DELONG,R,737267,0,0.518610823
DANAROHRABACHER2012CA48,2012,CA,DANA,ROHRABACHER,48,DANA ROHRABACHER,R,263585,1,0.996393726
RONVARASTEH2012CA48,2012,CA,RON,VARASTEH,48,RON VARASTEH,D,954,0,0.003606274
DARRELLISSA2012CA49,2012,CA,DARRELL,ISSA,49,DARRELL ISSA,R,1098001,1,0.968360738
JERRYTETALMAN2012CA49,2012,CA,JERRY,TETALMAN,49,JERRY TETALMAN,D,35875,0,0.031639262
MIKETHOMPSON2012CA5,2012,CA,MIKE,THOMPSON,5,MIKE THOMPSON,D,1159102,1,0.99677517
RANDYLOFTIN2012CA5,2012,CA,RANDY,LOFTIN,5,RANDY LOFTIN,R,3750,0,0.00322483
DUNCANHUNTER2012CA50,2012,CA,DUNCAN,HUNTER,50,DUNCAN D HUNTER,R,570517,1,1
MICHAELCRIMMINS2012CA51,2012,CA,MICHAEL,CRIMMINS,51,MICHAEL CRIMMINS,R,7800,0,0.012286348
JUANVARGAS2012CA51,2012,CA,JUAN,VARGAS,51,JUAN VARGAS,D,627051,1,0.987713652
BRIANBILBRAY2012CA52,2012,CA,BRIAN,BILBRAY,52,BRIAN P BILBRAY,R,1641632,0,0.629980436
SCOTTPETERS2012CA52,2012,CA,SCOTT,PETERS,52,SCOTT PETERS,D,964214,1,0.370019564
NICKPOPADITCH2012CA53,2012,CA,NICK,POPADITCH,53,NICK POPADITCH,R,63501,0,0.136989936
SUSANDAVIS2012CA53,2012,CA,SUSAN,DAVIS,53,SUSAN A DAVIS,D,400044,1,0.863010064
DORISMATSUI2012CA6,2012,CA,DORIS,MATSUI,6,DORIS O MATSUI,D,616053,1,0.999594355
AMIBERA2012CA7,2012,CA,AMI,BERA,7,AMI BERA,D,1720347,1,0.533254746
DANLUNGREN2012CA7,2012,CA,DAN,LUNGREN,7,DAN LUNGREN,R,1505779,0,0.466745254
GREGGIMUS2012CA8,2012,CA,GREGG,IMUS,8,GREGG IMUS,R,47029,0,0.124345605
PAULCOOK2012CA8,2012,CA,PAUL,COOK,8,PAUL COOK,R,331183,1,0.875654395
JERRYMCNERNEY2012CA9,2012,CA,JERRY,MCNERNEY,9,JERRY MCNERNEY,D,1382069,1,0.468852387
RICKYGILL2012CA9,2012,CA,RICKY,GILL,9,RICKY GILL,R,1565701,0,0.531147613
DANNYSTROUD2012CO1,2012,CO,DANNY,STROUD,1,DANNY STROUD,R,4014,0,0.005145
DIANADEGETTE2012CO1,2012,CO,DIANA,DEGETTE,1,DIANA DEGETTE,D,776161,1,0.994855
KEVINLUNDBERG2012CO2,2012,CO,KEVIN,LUNDBERG,2,KEVIN LUNDBERG,R,132509,0,0.211264327
JAREDPOLIS2012CO2,2012,CO,JARED,POLIS,2,JARED POLIS,D,494710,1,0.788735673
SCOTTTIPTON2012CO3,2012,CO,SCOTT,TIPTON,3,SCOTT TIPTON,R,1385226,1,0.576378255
SALPACE2012CO3,2012,CO,SAL,PACE,3,SAL PACE,D,1004798,0,0.418086087
TISHACASIDA2012CO3,2012,CO,TISHA,CASIDA,3,TISHA CASIDA,I,13304,0,0.005535657
BRANDONSHAFFER2012CO4,2012,CO,BRANDON,SHAFFER,4,BRANDON SHAFFER,D,366950,0,0.227723921
CORYGARDNER2012CO4,2012,CO,CORY,GARDNER,4,CORY GARDNER,R,1244431,1,0.772276079
DAVIDANDERSON2012CO5,2012,CO,DAVID,ANDERSON,5,DAVID C ANDERSON,I,47548,0,0.094384342
DOUGLASLAMBORN2012CO5,2012,CO,DOUGLAS,LAMBORN,5,DOUGLAS L LAMBORN,R,456222,1,0.905615658
MIKECOFFMAN2012CO6,2012,CO,MIKE,COFFMAN,6,MIKE COFFMAN,R,1683606,1,0.671932165
JOEMIKLOSI2012CO6,2012,CO,JOE,MIKLOSI,6,JOE MIKLOSI,D,820063,0,0.327289584
KATHYPOLHEMUS2012CO6,2012,CO,KATHY,POLHEMUS,6,KATHY L POLHEMUS,I,1950,0,0.000778251
JOECOORS2012CO7,2012,CO,JOE,COORS,7,JOE COORS,R,646549,0,0.266985649
JOHNLARSON2012CT1,2012,CT,JOHN,LARSON,1,JOHN B LARSON,D,1257876,1,0.975512835
JOHNDECKER2012CT1,2012,CT,JOHN,DECKER,1,JOHN HENRY DECKER,R,31575,0,0.024487165
JOECOURTNEY2012CT2,2012,CT,JOE,COURTNEY,2,JOE COURTNEY,D,876405,1,0.944396851
PAULFORMICA2012CT2,2012,CT,PAUL,FORMICA,2,PAUL FORMICA,R,51600,0,0.055603149
ROSADELAURO2012CT3,2012,CT,ROSA,DELAURO,3,ROSA L DELAURO,D,778811,1,0.965313413
WAYNEWINSLEY2012CT3,2012,CT,WAYNE,WINSLEY,3,WAYNE WINSLEY,R,27985,0,0.034686587
STEVEOBSITNIK2012CT4,2012,CT,STEVE,OBSITNIK,4,STEVE OBSITNIK,R,813854,0,0.280440681
ELIZABETHESTY2012CT5,2012,CT,ELIZABETH,ESTY,5,ELIZABETH ESTY,D,1641582,1,0.652701189
ANDREWRORABACK2012CT5,2012,CT,ANDREW,RORABACK,5,ANDREW RORABACK,R,873477,0,0.347298811
JOHNCARNEY2012DE1,2012,DE,JOHN,CARNEY,1,JOHN CARNEY,D,1049019,1,0.91237529
TOMKOVACH2012DE1,2012,DE,TOM,KOVACH,1,TOM KOVACH,R,100748,0,0.08762471
ALEXANDERPIRES2012DES,2012,DE,ALEXANDER,PIRES,S,ALEXANDER PIRES,I,44200,0,0.01337398
KEVINWADE2012DES,2012,DE,KEVIN,WADE,S,KEVIN WADE,R,107065,0,0.032395591
JEFFMILLER2012FL1,2012,FL,JEFF,MILLER,1,JEFF MILLER,R,447618,1,0.979957222
CALENFRETTS2012FL1,2012,FL,CALEN,FRETTS,1,CALEN FRETTS,I,9155,0,0.020042778
VALDEMINGS2012FL10,2012,FL,VAL,DEMINGS,10,VAL DEMINGS,D,984100,0,0.524491364
DANIELWEBSTER2012FL10,2012,FL,DANIEL,WEBSTER,10,DANIEL WEBSTER,R,892194,1,0.475508636
RICHARDNUGENT2012FL11,2012,FL,RICHARD,NUGENT,11,RICHARD NUGENT,R,359149,1,1
GUSBILIRAKIS2012FL12,2012,FL,GUS,BILIRAKIS,12,GUS BILIRAKIS,R,409224,1,0.956524178
PAULELLIOTT2012FL12,2012,FL,PAUL,ELLIOTT,12,PAUL SIDNEY ELLIOTT,I,13050,0,0.030503198
JONATHANSNOW2012FL12,2012,FL,JONATHAN,SNOW,12,JONATHAN MICHAEL SNOW,D,5550,0,0.012972624
JESSICAEHRLICH2012FL13,2012,FL,JESSICA,EHRLICH,13,JESSICA EHRLICH,D,271396,0,0.264699887
CYOUNG2012FL13,2012,FL,C,YOUNG,13,C W BILL YOUNG,R,753901,1,0.735300113
KATHYCASTOR2012FL14,2012,FL,KATHY,CASTOR,14,KATHY CASTOR,D,602568,1,0.844074634
EVELIOOTERO2012FL14,2012,FL,EVELIO,OTERO,14,EVELIO OTERO,R,111312,0,0.155925366
VERNONBUCHANAN2012FL16,2012,FL,VERNON,BUCHANAN,16,VERNON BUCHANAN,R,1446211,1,0.616109203
KEITHFITZGERALD2012FL16,2012,FL,KEITH,FITZGERALD,16,KEITH FITZGERALD,D,901118,0,0.383890797
TOMROONEY2012FL17,2012,FL,TOM,ROONEY,17,TOM ROONEY,R,594201,1,0.992815384
BILLBRONSON2012FL17,2012,FL,BILL,BRONSON,17,BILL BRONSON,D,4300,0,0.007184616
JAMESROACH2012FL19,2012,FL,JAMES,ROACH,19,JAMES LLOYD ROACH,D,32475,0,0.059294924
TREYRADEL2012FL19,2012,FL,TREY,RADEL,19,TREY RADEL,R,515211,1,0.940705076
ALFREDLAWSON2012FL2,2012,FL,ALFRED,LAWSON,2,ALFRED LAWSON JR,D,445114,0,0.320634189
STEVESOUTHERLAND2012FL2,2012,FL,STEVE,SOUTHERLAND,2,STEVE SOUTHERLAND,R,943116,1,0.679365811
ALCEEHASTINGS2012FL20,2012,FL,ALCEE,HASTINGS,20,ALCEE L HASTINGS,D,463866,1,0.903831091
RANDALLTERRY2012FL20,2012,FL,RANDALL,TERRY,20,RANDALL TERRY,I,49356,0,0.096168909
CESARHENAO2012FL21,2012,FL,CESAR,HENAO,21,CESAR HENAO,I,10300,0,0.012392066
TEDDEUTCH2012FL21,2012,FL,TED,DEUTCH,21,TED DEUTCH,D,820877,1,0.987607934
LOISFRANKEL2012FL22,2012,FL,LOIS,FRANKEL,22,LOIS J FRANKEL,D,1700284,1,0.469322737
KARENHARRINGTON2012FL23,2012,FL,KAREN,HARRINGTON,23,KAREN HARRINGTON,R,533871,0,0.237777552
DEBBIESCHULTZ2012FL23,2012,FL,DEBBIE,SCHULTZ,23,DEBBIE WASSERMAN SCHULTZ,D,1711383,1,0.762222448
MARIODIAZBALART2012FL25,2012,FL,MARIO,DIAZBALART,25,MARIO DIAZBALART,R,516843,1,0.998068913
DAVIDRIVERA2012FL26,2012,FL,DAVID,RIVERA,26,DAVID RIVERA,R,330534,0,0.327320369
JOEGARCIA2012FL26,2012,FL,JOE,GARCIA,26,JOE GARCIA,D,678584,1,0.671986437
ILEANAROSLEHTINEN2012FL27,2012,FL,ILEANA,ROSLEHTINEN,27,ILEANA ROSLEHTINEN,R,1152205,1,1
TEDYOHO2012FL3,2012,FL,TED,YOHO,3,TED YOHO,R,370852,1,0.98407863
JACQUESGAILLOT2012FL3,2012,FL,JACQUES,GAILLOT,3,JACQUES GAILLOT,D,4500,0,0.011941027
PHILIPDODDS2012FL3,2012,FL,PHILIP,DODDS,3,PHILIP DODDS,I,1500,0,0.003980342
JAMESKLAUDER2012FL4,2012,FL,JAMES,KLAUDER,4,JAMES R KLAUDER,I,28400,0,0.073763168
ANDERCRENSHAW2012FL4,2012,FL,ANDER,CRENSHAW,4,ANDER CRENSHAW,R,356616,1,0.926236832
CORRINEBROWN2012FL5,2012,FL,CORRINE,BROWN,5,CORRINE BROWN,D,406910,1,0.961825746
LEANNEKOLB2012FL5,2012,FL,LEANNE,KOLB,5,LEANNE KOLB,R,16150,0,0.038174254
HEATHERBEAVEN2012FL6,2012,FL,HEATHER,BEAVEN,6,HEATHER MAURINE BEAVEN,D,181950,0,0.19576978
RONDESANTIS2012FL6,2012,FL,RON,DESANTIS,6,RON DESANTIS,R,747458,1,0.80423022
JOHNMICA2012FL7,2012,FL,JOHN,MICA,7,JOHN L MICA,R,1264321,1,0.994885196
RICHARDGILLMOR2012FL8,2012,FL,RICHARD,GILLMOR,8,RICHARD H GILLMOR,I,3000,0,0.004110023
BILLPOSEY2012FL8,2012,FL,BILL,POSEY,8,BILL POSEY,R,717750,1,0.983322898
TODDLONG2012FL9,2012,FL,TODD,LONG,9,TODD LONG,R,70051,0,0.105911613
ALANGRAYSON2012FL9,2012,FL,ALAN,GRAYSON,9,ALAN GRAYSON,D,591359,1,0.894088387
JACKKINGSTON2012GA1,2012,GA,JACK,KINGSTON,1,JACK KINGSTON,R,758095,1,0.999277658
PAULBROUN2012GA10,2012,GA,PAUL,BROUN,10,PAUL BROUN,R,659045,1,1
PATRICKTHOMPSON2012GA11,2012,GA,PATRICK,THOMPSON,11,PATRICK THOMPSON,D,2100,0,0.001936108
PHILGINGREY2012GA11,2012,GA,PHIL,GINGREY,11,PHIL GINGREY,R,1082550,1,0.998063892
LEEANDERSON2012GA12,2012,GA,LEE,ANDERSON,12,LEE IVEY ANDERSON,R,546797,0,0.22291895
DAVIDSCOTT2012GA13,2012,GA,DAVID,SCOTT,13,DAVID SCOTT,D,735160,1,1
TOMGRAVES2012GA14,2012,GA,TOM,GRAVES,14,TOM GRAVES,R,600955,1,0.991748562
SANFORDBISHOP2012GA2,2012,GA,SANFORD,BISHOP,2,SANFORD BISHOP,D,686653,1,0.893104919
JOHNHOUSE2012GA2,2012,GA,JOHN,HOUSE,2,JOHN HOUSE,R,82185,0,0.106895081
LYNNWESTMORELAND2012GA3,2012,GA,LYNN,WESTMORELAND,3,LYNN A WESTMORELAND,R,648493,1,1
HANKJOHNSON2012GA4,2012,GA,HANK,JOHNSON,4,HANK JOHNSON,D,339100,1,0.94089639
JEFFREYVAUGHN2012GA4,2012,GA,JEFFREY,VAUGHN,4,JEFFREY CHRIS VAUGHN,R,21301,0,0.05910361
JOHNLEWIS2012GA5,2012,GA,JOHN,LEWIS,5,JOHN LEWIS,D,746950,1,0.997329595
TOMPRICE2012GA6,2012,GA,TOM,PRICE,6,TOM PRICE,R,1500285,1,0.996645265
JEFFKAZANOW2012GA6,2012,GA,JEFF,KAZANOW,6,JEFF KAZANOW,D,5050,0,0.003354735
ROBWOODALL2012GA7,2012,GA,ROB,WOODALL,7,ROB WOODALL,R,297316,1,0.955183027
STEVEREILLY2012GA7,2012,GA,STEVE,REILLY,7,STEVE REILLY,D,13950,0,0.044816973
AUSTINSCOTT2012GA8,2012,GA,AUSTIN,SCOTT,8,AUSTIN SCOTT,R,630507,1,1
JODYCOOLEY2012GA9,2012,GA,JODY,COOLEY,9,JODY COOLEY,D,25513,0,0.057487866
DOUGCOLLINS2012GA9,2012,GA,DOUG,COLLINS,9,DOUG COLLINS,R,418285,1,0.942512134
CHARLESDJOU2012HI1,2012,HI,CHARLES,DJOU,1,CHARLES DJOU,R,357360,0,0.317821143
COLLEENHANABUSA2012HI1,2012,HI,COLLEEN,HANABUSA,1,COLLEEN HANABUSA,D,767046,1,0.682178857
TULSIGABBARD2012HI2,2012,HI,TULSI,GABBARD,2,TULSI GABBARD,D,762711,1,1
BENLANGE2012IA1,2012,IA,BEN,LANGE,1,BEN LANGE,R,505258,0,0.216843529
DAVIDLOEBSACK2012IA2,2012,IA,DAVID,LOEBSACK,2,DAVID LOEBSACK,D,935180,1,0.645773415
JOHNARCHER2012IA2,2012,IA,JOHN,ARCHER,2,JOHN H ARCHER JR,R,512975,0,0.354226585
LEONARDBOSWELL2012IA3,2012,IA,LEONARD,BOSWELL,3,LEONARD BOSWELL,D,1101285,0,0.369050104
CHRISTIEVILSACK2012IA4,2012,IA,CHRISTIE,VILSACK,4,CHRISTIE VILSACK,D,1616461,0,0.508846878
STEVENKING2012IA4,2012,IA,STEVEN,KING,4,STEVEN A KING,R,1560253,1,0.491153122
JIMMYFARRIS2012ID1,2012,ID,JIMMY,FARRIS,1,JIMMY FARRIS,D,40800,0,0.082860642
RAULLABRADOR2012ID1,2012,ID,RAUL,LABRADOR,1,RAUL LABRADOR,R,451593,1,0.917139358
NICOLELEFAVOUR2012ID2,2012,ID,NICOLE,LEFAVOUR,2,NICOLE LEFAVOUR,D,142459,0,0.155648158
MIKESIMPSON2012ID2,2012,ID,MIKE,SIMPSON,2,MIKE SIMPSON,R,772804,1,0.844351842
DONALDPELOQUIN2012IL1,2012,IL,DONALD,PELOQUIN,1,DONALD PELOQUIN,R,29650,0,0.068389356
BOBBYRUSH2012IL1,2012,IL,BOBBY,RUSH,1,BOBBY L RUSH,D,403897,1,0.931610644
BRADSCHNEIDER2012IL10,2012,IL,BRAD,SCHNEIDER,10,BRAD SCHNEIDER,D,1546389,1,0.351176213
JASONPLUMMER2012IL12,2012,IL,JASON,PLUMMER,12,JASON PLUMMER,R,757352,0,0.556184512
WILLIAMENYART2012IL12,2012,IL,WILLIAM,ENYART,12,WILLIAM ENYART,D,598031,1,0.439182282
DAVIDGILL2012IL13,2012,IL,DAVID,GILL,13,DAVID GILL,D,648164,0,0.456515569
RODNEYDAVIS2012IL13,2012,IL,RODNEY,DAVIS,13,RODNEY DAVIS,R,771643,1,0.543484431
RANDYHULTGREN2012IL14,2012,IL,RANDY,HULTGREN,14,RANDY HULTGREN,R,769324,1,0.988246236
DENNISANDERSON2012IL14,2012,IL,DENNIS,ANDERSON,14,DENNIS ANDERSON,D,9150,0,0.011753764
JOHNSHIMKUS2012IL15,2012,IL,JOHN,SHIMKUS,15,JOHN M SHIMKUS,R,1380727,1,0.99978277
ANGELAMICHAEL2012IL15,2012,IL,ANGELA,MICHAEL,15,ANGELA MICHAEL,D,300,0,0.00021723
ADAMKINZINGER2012IL16,2012,IL,ADAM,KINZINGER,16,ADAM KINZINGER,R,1070195,1,0.987889026
WANDAROHL2012IL16,2012,IL,WANDA,ROHL,16,WANDA ROHL,D,13120,0,0.012110974
CHERIBUSTOS2012IL17,2012,IL,CHERI,BUSTOS,17,CHERI BUSTOS,D,1188668,1,0.464228416
BOBBYSCHILLING2012IL17,2012,IL,BOBBY,SCHILLING,17,BOBBY SCHILLING,R,1371856,0,0.535771584
JESSEJACKSON2012IL2,2012,IL,JESSE,JACKSON,2,JESSE JACKSON JR,D,698763,1,0.991134915
BRIANWOODWORTH2012IL2,2012,IL,BRIAN,WOODWORTH,2,BRIAN WOODWORTH,R,6250,0,0.008865085
DANIELLIPINSKI2012IL3,2012,IL,DANIEL,LIPINSKI,3,DANIEL LIPINSKI,D,572282,1,0.994093962
LUISGUTIERREZ2012IL4,2012,IL,LUIS,GUTIERREZ,4,LUIS V GUTIERREZ,D,254716,1,0.960228601
HECTORCONCEPCION2012IL4,2012,IL,HECTOR,CONCEPCION,4,HECTOR L CONCEPCION,R,10550,0,0.039771399
NANCYWADE2012IL5,2012,IL,NANCY,WADE,5,NANCY WADE,I,1650,0,0.003686269
MIKEQUIGLEY2012IL5,2012,IL,MIKE,QUIGLEY,5,MIKE QUIGLEY,D,445957,1,0.996313731
LESLIECOOLIDGE2012IL6,2012,IL,LESLIE,COOLIDGE,6,LESLIE COOLIDGE,D,156802,0,0.077477507
DANNYDAVIS2012IL7,2012,IL,DANNY,DAVIS,7,DANNY K DAVIS,D,277242,1,1
JOEWALSH2012IL8,2012,IL,JOE,WALSH,8,JOE WALSH,R,1103004,0,0.338700629
TIMWOLFE2012IL9,2012,IL,TIM,WOLFE,9,TIM WOLFE,R,25850,0,0.030149183
JANSCHAKOWSKY2012IL9,2012,IL,JAN,SCHAKOWSKY,9,JAN SCHAKOWSKY,D,831553,1,0.969850817
PETEVISCLOSKY2012IN1,2012,IN,PETE,VISCLOSKY,1,PETE VISCLOSKY,D,567535,1,0.936374976
JOELPHELPS2012IN1,2012,IN,JOEL,PHELPS,1,JOEL PHELPS,R,38563,0,0.063625024
JACKIEWALORSKI2012IN2,2012,IN,JACKIE,WALORSKI,2,JACKIE WALORSKI,R,900726,1,0.565710883
BRENDANMULLEN2012IN2,2012,IN,BRENDAN,MULLEN,2,BRENDAN MULLEN,D,691476,0,0.434289117
MARLINSTUTZMAN2012IN3,2012,IN,MARLIN,STUTZMAN,3,MARLIN STUTZMAN,R,528810,1,0.980472502
KEVINBOYD2012IN3,2012,IN,KEVIN,BOYD,3,KEVIN BOYD,D,10532,0,0.019527498
TODDROKITA2012IN4,2012,IN,TODD,ROKITA,4,TODD ROKITA,R,691058,1,0.995175747
SCOTTRESKE2012IN5,2012,IN,SCOTT,RESKE,5,SCOTT RESKE,D,244150,0,0.264085269
SUSANBROOKS2012IN5,2012,IN,SUSAN,BROOKS,5,SUSAN BROOKS,R,680362,1,0.735914731
BRADLEYBOOKOUT2012IN6,2012,IN,BRADLEY,BOOKOUT,6,BRADLEY T BOOKOUT,D,13250,0,0.022186426
LUKEMESSER2012IN6,2012,IN,LUKE,MESSER,6,LUKE MESSER,R,583962,1,0.977813574
ANDRECARSON2012IN7,2012,IN,ANDRE,CARSON,7,ANDRE CARSON,D,677386,1,0.939266708
CARLOSMAY2012IN7,2012,IN,CARLOS,MAY,7,CARLOS ANDREW MAY,R,43800,0,0.060733292
DAVIDCROOKS2012IN8,2012,IN,DAVID,CROOKS,8,DAVID L CROOKS,D,552467,0,0.393609677
LARRYBUCSHON2012IN8,2012,IN,LARRY,BUCSHON,8,LARRY BUCSHON,R,851124,1,0.606390323
TODDYOUNG2012IN9,2012,IN,TODD,YOUNG,9,TODD YOUNG,R,845040,1,0.837050354
SHELLIYODER2012IN9,2012,IN,SHELLI,YODER,9,SHELLI YODER,D,164505,0,0.162949646
TIMHUELSKAMP2012KS1,2012,KS,TIM,HUELSKAMP,1,TIM HUELSKAMP,R,503613,1,1
LYNNJENKINS2012KS2,2012,KS,LYNN,JENKINS,2,LYNN JENKINS,R,1151720,1,0.906328767
TOBIASSCHLINGENSIEPEN2012KS2,2012,KS,TOBIAS,SCHLINGENSIEPEN,2,TOBIAS SCHLINGENSIEPEN,D,119033,0,0.093671233
KEVINYODER2012KS3,2012,KS,KEVIN,YODER,3,KEVIN YODER,R,961743,1,1
MIKEPOMPEO2012KS4,2012,KS,MIKE,POMPEO,4,MIKE POMPEO,R,1147709,1,0.99912076
ROBERTTILLMAN2012KS4,2012,KS,ROBERT,TILLMAN,4,ROBERT TILLMAN,D,1010,0,0.00087924
EDWHITFIELD2012KY1,2012,KY,ED,WHITFIELD,1,ED WHITFIELD,R,1299881,1,1
BRETTGUTHRIE2012KY2,2012,KY,BRETT,GUTHRIE,2,BRETT GUTHRIE,R,948047,1,0.997369935
JOHNYARMUTH2012KY3,2012,KY,JOHN,YARMUTH,3,JOHN A YARMUTH,D,649196,1,0.964420794
BROOKSWICKER2012KY3,2012,KY,BROOKS,WICKER,3,BROOKS WICKER,R,23950,0,0.035579206
THOMASMASSIE2012KY4,2012,KY,THOMAS,MASSIE,4,THOMAS MASSIE,R,564644,1,0.904278251
BILLADKINS2012KY4,2012,KY,BILL,ADKINS,4,BILL ADKINS,D,59770,0,0.095721749
HALROGERS2012KY5,2012,KY,HAL,ROGERS,5,HAL ROGERS,R,896516,1,1
BENCHANDLER2012KY6,2012,KY,BEN,CHANDLER,6,BEN CHANDLER,D,1320751,0,0.503777326
ANDYBARR2012KY6,2012,KY,ANDY,BARR,6,ANDY BARR,R,1300945,1,0.496222674
STEVESCALISE2012LA1,2012,LA,STEVE,SCALISE,1,STEVE SCALISE,R,939970,1,0.997822766
GARYKING2012LA1,2012,LA,GARY,KING,1,GARY W KING,R,2051,0,0.002177234
CEDRICRICHMOND2012LA2,2012,LA,CEDRIC,RICHMOND,2,CEDRIC RICHMOND,D,605212,1,0.987759339
DWAYNEBAILEY2012LA2,2012,LA,DWAYNE,BAILEY,2,DWAYNE BAILEY,R,2000,0,0.003264176
CALEBTROTTER2012LA2,2012,LA,CALEB,TROTTER,2,CALEB TROTTER,I,5500,0,0.008976485
JEFFLANDRY2012LA3,2012,LA,JEFF,LANDRY,3,JEFF LANDRY,R,1103177,0,0.280162687
RONRICHARD2012LA3,2012,LA,RON,RICHARD,3,RON RICHARD,D,40637,0,0.010320167
JOHNFLEMING2012LA4,2012,LA,JOHN,FLEMING,4,JOHN FLEMING,R,1030588,1,1
RODNEYALEXANDER2012LA5,2012,LA,RODNEY,ALEXANDER,5,RODNEY ALEXANDER,R,802372,1,1
BILLCASSIDY2012LA6,2012,LA,BILL,CASSIDY,6,BILL CASSIDY,R,1150253,1,1
JAMESMCGOVERN2012MA2,2012,MA,JAMES,MCGOVERN,2,JAMES P MCGOVERN,D,525886,1,1
JOHNGOLNIK2012MA3,2012,MA,JOHN,GOLNIK,3,JOHN GOLNIK,R,112620,0,0.135199215
NIKITSONGAS2012MA3,2012,MA,NIKI,TSONGAS,3,NIKI TSONGAS,D,720373,1,0.864800785
SEANBIELAT2012MA4,2012,MA,SEAN,BIELAT,4,SEAN BIELAT,R,356335,0,0.130122452
EDMARKEY2012MA5,2012,MA,ED,MARKEY,5,ED MARKEY,D,641097,1,0.962467929
RICHARDTISEI2012MA6,2012,MA,RICHARD,TISEI,6,RICHARD TISEI,R,1169173,0,0.484473854
JOHNTIERNEY2012MA6,2012,MA,JOHN,TIERNEY,6,JOHN F TIERNEY,D,1243611,1,0.51531896
MICHAELCAPUANO2012MA7,2012,MA,MICHAEL,CAPUANO,7,MICHAEL E CAPUANO,D,623575,1,1
JOESELVAGGI2012MA8,2012,MA,JOE,SELVAGGI,8,JOE SELVAGGI,R,14375,0,0.025106627
CHRISTOPHERSHELDON2012MA9,2012,MA,CHRISTOPHER,SHELDON,9,CHRISTOPHER SHELDON,R,18050,0,0.026494985
BILLKEATING2012MA9,2012,MA,BILL,KEATING,9,BILL KEATING,D,661451,1,0.97092157
DANIELBOTELHO2012MA9,2012,MA,DANIEL,BOTELHO,9,DANIEL BOTELHO,I,1760,0,0.002583445
ANDYHARRIS2012MD1,2012,MD,ANDY,HARRIS,1,ANDY HARRIS,R,911873,1,0.914183141
JOHNLAFERLA2012MD1,2012,MD,JOHN,LAFERLA,1,JOHN LAFERLA,D,85350,0,0.085566226
NANCYJACOBS2012MD2,2012,MD,NANCY,JACOBS,2,NANCY JACOBS,R,151311,0,0.142449367
DUTCHRUPPERSBERGER2012MD2,2012,MD,DUTCH,RUPPERSBERGER,2,DUTCH RUPPERSBERGER,D,910898,1,0.857550633
JOHNSARBANES2012MD3,2012,MD,JOHN,SARBANES,3,JOHN SARBANES,D,744060,1,0.981952794
ERICKNOWLES2012MD3,2012,MD,ERIC,KNOWLES,3,ERIC KNOWLES,R,13675,0,0.018047206
FAITHLOUDON2012MD4,2012,MD,FAITH,LOUDON,4,FAITH LOUDON,R,22510,0,0.040562798
DONNAEDWARDS2012MD4,2012,MD,DONNA,EDWARDS,4,DONNA EDWARDS,D,532432,1,0.959437202
TONYODONNELL2012MD5,2012,MD,TONY,ODONNELL,5,TONY ODONNELL,R,68358,0,0.025776086
JOHNDELANEY2012MD6,2012,MD,JOHN,DELANEY,6,JOHN K DELANEY,D,1362175,1,0.683589437
ROSCOEBARTLETT2012MD6,2012,MD,ROSCOE,BARTLETT,6,ROSCOE G BARTLETT,R,630505,0,0.316410563
ELIJAHCUMMINGS2012MD7,2012,MD,ELIJAH,CUMMINGS,7,ELIJAH E CUMMINGS,D,529775,1,0.994929339
FRANKMIRABILE2012MD7,2012,MD,FRANK,MIRABILE,7,FRANK MIRABILE JR,R,2700,0,0.005070661
CHRISHOLLEN2012MD8,2012,MD,CHRIS,HOLLEN,8,CHRIS VAN HOLLEN,D,1070098,1,0.912381849
KENTIMMERMAN2012MD8,2012,MD,KEN,TIMMERMAN,8,KEN TIMMERMAN,R,98814,0,0.084250321
MARKGRANNIS2012MD8,2012,MD,MARK,GRANNIS,8,MARK ANDREW GRANNIS,I,3950,0,0.00336783
DEANAHMAD2012MDS,2012,MD,DEAN,AHMAD,S,DEAN AHMAD,I,4250,0,0.000893444
CHELLIEPINGREE2012ME1,2012,ME,CHELLIE,PINGREE,1,CHELLIE PINGREE,D,559910,1,0.918677417
JONCOURTNEY2012ME1,2012,ME,JON,COURTNEY,1,JON COURTNEY,R,49564,0,0.081322583
MIKEMICHAUD2012ME2,2012,ME,MIKE,MICHAUD,2,MIKE MICHAUD,D,723826,1,0.694762687
KEVINRAYE2012ME2,2012,ME,KEVIN,RAYE,2,KEVIN RAYE,R,318006,0,0.305237313
CYNTHIADILL2012MES,2012,ME,CYNTHIA,DILL,S,CYNTHIA DILL,D,77300,0,0.036654962
CHARLIESUMMERS2012MES,2012,ME,CHARLIE,SUMMERS,S,CHARLIE SUMMERS,R,585732,0,0.277748826
STEVEWOODS2012MES,2012,ME,STEVE,WOODS,S,STEVE WOODS,I,1450,0,0.000687577
ANDREWDODGE2012MES,2012,ME,ANDREW,DODGE,S,ANDREW IAN DODGE,I,238,0,0.000112857
GARYMCDOWELL2012MI1,2012,MI,GARY,MCDOWELL,1,GARY J MCDOWELL,D,863649,0,0.403915929
DANBENISHEK2012MI1,2012,MI,DAN,BENISHEK,1,DAN BENISHEK,R,1274541,1,0.596084071
CANDICEMILLER2012MI10,2012,MI,CANDICE,MILLER,10,CANDICE S MILLER,R,463778,1,1
SYEDTAJ2012MI11,2012,MI,SYED,TAJ,11,SYED TAJ,D,410039,0,0.607948842
KERRYBENTIVOLIO2012MI11,2012,MI,KERRY,BENTIVOLIO,11,KERRY BENTIVOLIO,R,264424,1,0.392051158
JOHNDINGELL2012MI12,2012,MI,JOHN,DINGELL,12,JOHN D DINGELL,D,1061753,1,0.994793453
JOHNCONYERS2012MI13,2012,MI,JOHN,CONYERS,13,JOHN CONYERS JR,D,740242,1,1
BILLHUIZENGA2012MI2,2012,MI,BILL,HUIZENGA,2,BILL HUIZENGA,R,726463,1,0.99862536
JUSTINAMASH2012MI3,2012,MI,JUSTIN,AMASH,3,JUSTIN AMASH,R,664325,1,0.69990834
STEVEPESTKA2012MI3,2012,MI,STEVE,PESTKA,3,STEVE PESTKA,D,284835,0,0.30009166
DEBRAWIRTH2012MI4,2012,MI,DEBRA,WIRTH,4,DEBRA FREIDELL WIRTH,D,6750,0,0.002180874
JAMESSLEZAK2012MI5,2012,MI,JAMES,SLEZAK,5,JAMES SLEZAK,R,39713,0,0.079148505
DANKILDEE2012MI5,2012,MI,DAN,KILDEE,5,DAN KILDEE,D,462040,1,0.920851495
MIKEOBRIEN2012MI6,2012,MI,MIKE,OBRIEN,6,MIKE OBRIEN,D,131643,0,0.046322652
KURTHASKELL2012MI7,2012,MI,KURT,HASKELL,7,KURT HASKELL,D,7345,0,0.008739948
TIMWALBERG2012MI7,2012,MI,TIM,WALBERG,7,TIM WALBERG,R,833049,1,0.991260052
MIKEROGERS2012MI8,2012,MI,MIKE,ROGERS,8,MIKE ROGERS,R,1173916,1,0.99042409
LANCEENDERLE2012MI8,2012,MI,LANCE,ENDERLE,8,LANCE ENDERLE,D,11350,0,0.00957591
DONALDVOLARIC2012MI9,2012,MI,DONALD,VOLARIC,9,DONALD CECIL VOLARIC,R,21250,0,0.017598898
SANDERLEVIN2012MI9,2012,MI,SANDER,LEVIN,9,SANDER LEVIN,D,1186212,1,0.982401102
SCOTTYBOMAN2012MIS,2012,MI,SCOTTY,BOMAN,S,SCOTTY BOMAN,I,2850,0,0.000330498
ALLENQUIST2012MN1,2012,MN,ALLEN,QUIST,1,ALLEN QUIST,R,71460,0,0.066654168
TIMOTHYWALZ2012MN1,2012,MN,TIMOTHY,WALZ,1,TIMOTHY J WALZ,D,1000641,1,0.933345832
JOHNKLINE2012MN2,2012,MN,JOHN,KLINE,2,JOHN KLINE,R,1351329,1,0.776127624
MIKEOBERMUELLER2012MN2,2012,MN,MIKE,OBERMUELLER,2,MIKE OBERMUELLER,D,389788,0,0.223872376
BRIANBARNES2012MN3,2012,MN,BRIAN,BARNES,3,BRIAN BARNES,D,182440,0,0.08841409
TONYHERNANDEZ2012MN4,2012,MN,TONY,HERNANDEZ,4,TONY HERNANDEZ,R,16193,0,0.02671354
BETTYMCCOLLUM2012MN4,2012,MN,BETTY,MCCOLLUM,4,BETTY MCCOLLUM,D,589979,1,0.97328646
CHRISFIELDS2012MN5,2012,MN,CHRIS,FIELDS,5,CHRIS FIELDS,R,118450,0,0.126534545
JIMGRAVES2012MN6,2012,MN,JIM,GRAVES,6,JIM GRAVES,D,622899,0,0.208291409
COLLINPETERSON2012MN7,2012,MN,COLLIN,PETERSON,7,COLLIN PETERSON,D,804500,1,0.764039523
LEEBYBERG2012MN7,2012,MN,LEE,BYBERG,7,LEE BYBERG,R,248456,0,0.235960477
CHIPCRAVAACK2012MN8,2012,MN,CHIP,CRAVAACK,8,CHIP CRAVAACK,R,1044368,0,0.591382226
RICKNOLAN2012MN8,2012,MN,RICK,NOLAN,8,RICK NOLAN,D,721610,1,0.408617774
ROBYNHAMLIN2012MO1,2012,MO,ROBYN,HAMLIN,1,ROBYN HAMLIN,R,1000,0,0.001875715
ANNWAGNER2012MO2,2012,MO,ANN,WAGNER,2,ANN L WAGNER,R,1643723,1,0.994464184
BLAINELUETKEMEYER2012MO3,2012,MO,BLAINE,LUETKEMEYER,3,BLAINE LUETKEMEYER,R,666625,1,1
TERESAHENSLEY2012MO4,2012,MO,TERESA,HENSLEY,4,TERESA HENSLEY,D,526821,0,0.393807718
VICKYHARTZLER2012MO4,2012,MO,VICKY,HARTZLER,4,VICKY HARTZLER,R,810941,1,0.606192282
JACOBTURK2012MO5,2012,MO,JACOB,TURK,5,JACOB TURK,R,143021,0,0.159627175
EMANUELCLEAVER2012MO5,2012,MO,EMANUEL,CLEAVER,5,EMANUEL CLEAVER,D,752948,1,0.840372825
KYLEYARBER2012MO6,2012,MO,KYLE,YARBER,6,KYLE A YARBER,D,25490,0,0.030836903
SAMGRAVES2012MO6,2012,MO,SAM,GRAVES,6,SAM GRAVES,R,801117,1,0.969163097
BILLYLONG2012MO7,2012,MO,BILLY,LONG,7,BILLY LONG,R,569840,1,0.997898571
JAMESEVANS2012MO7,2012,MO,JAMES,EVANS,7,JAMES S EVANS,D,1200,0,0.002101429
JOEMERSON2012MO8,2012,MO,JO,EMERSON,8,JO ANN EMERSON,R,861173,1,0.992394324
JACKRUSHIN2012MO8,2012,MO,JACK,RUSHIN,8,JACK RUSHIN,D,6600,0,0.007605676
BRADMORRIS2012MS1,2012,MS,BRAD,MORRIS,1,BRAD MORRIS,D,34900,0,0.041880218
ALANNUNNELEE2012MS1,2012,MS,ALAN,NUNNELEE,1,ALAN NUNNELEE,R,797429,1,0.956919776
BILLMARCY2012MS2,2012,MS,BILL,MARCY,2,BILL MARCY,R,7250,0,0.009939772
BENNIETHOMPSON2012MS2,2012,MS,BENNIE,THOMPSON,2,BENNIE G THOMPSON,D,714688,1,0.979839401
COBBYWILLIAMS2012MS2,2012,MS,COBBY,WILLIAMS,2,COBBY M WILLIAMS,I,7455,0,0.010220827
GREGGHARPER2012MS3,2012,MS,GREGG,HARPER,3,GREGG HARPER,R,549766,1,1
STEVENPALAZZO2012MS4,2012,MS,STEVEN,PALAZZO,4,STEVEN PALAZZO,R,537952,1,1
TOMCRAMER2012MSS,2012,MS,TOM,CRAMER,S,TOM CRAMER,I,670,0,0.000119194
STEVENDAINES2012MT1,2012,MT,STEVEN,DAINES,1,STEVEN DAINES,R,901083,1,0.654056373
KIMGILLAN2012MT1,2012,MT,KIM,GILLAN,1,KIM GILLAN,D,476601,0,0.345943627
GBUTTERFIELD2012NC1,2012,NC,G,BUTTERFIELD,1,G K BUTTERFIELD,D,530917,1,1
PATSYKEEVER2012NC10,2012,NC,PATSY,KEEVER,10,PATSY KEEVER,D,145409,0,0.152106079
PATRICKMCHENRY2012NC10,2012,NC,PATRICK,MCHENRY,10,PATRICK MCHENRY,R,810562,1,0.847893921
HAYDENROGERS2012NC11,2012,NC,HAYDEN,ROGERS,11,HAYDEN ROGERS,D,443099,0,0.450647801
MARKMEADOWS2012NC11,2012,NC,MARK,MEADOWS,11,MARK R MEADOWS,R,540150,1,0.549352199
MELVINWATT2012NC12,2012,NC,MELVIN,WATT,12,MELVIN L WATT,D,615950,1,0.999188904
CHARLESMALONE2012NC13,2012,NC,CHARLES,MALONE,13,CHARLES MALONE,D,7250,0,0.009667427
GEORGEHOLDING2012NC13,2012,NC,GEORGE,HOLDING,13,GEORGE HOLDING,R,742691,1,0.990332573
RENEEELLMERS2012NC2,2012,NC,RENEE,ELLMERS,2,RENEE ELLMERS,R,590977,1,0.957781426
STEVEWILKINS2012NC2,2012,NC,STEVE,WILKINS,2,STEVE WILKINS,D,26050,0,0.042218574
WALTERJONES2012NC3,2012,NC,WALTER,JONES,3,WALTER B JONES JR,R,399500,1,0.987224158
ERIKANDERSON2012NC3,2012,NC,ERIK,ANDERSON,3,ERIK ANDERSON,D,5170,0,0.012775842
TIMDANNUNZIO2012NC4,2012,NC,TIM,DANNUNZIO,4,TIM DANNUNZIO,R,4250,0,0.00649706
DAVIDPRICE2012NC4,2012,NC,DAVID,PRICE,4,DAVID PRICE,D,649892,1,0.99350294
VIRGINIAFOXX2012NC5,2012,NC,VIRGINIA,FOXX,5,VIRGINIA FOXX,R,516265,1,0.941891756
ELISABETHMOTSINGER2012NC5,2012,NC,ELISABETH,MOTSINGER,5,ELISABETH MOTSINGER,D,31850,0,0.058108244
HOWARDCOBLE2012NC6,2012,NC,HOWARD,COBLE,6,HOWARD COBLE,R,329952,1,0.962936157
TONYFORIEST2012NC6,2012,NC,TONY,FORIEST,6,TONY FORIEST,D,12700,0,0.037063843
DAVIDROUZER2012NC7,2012,NC,DAVID,ROUZER,7,DAVID ROUZER,R,898704,0,0.409903876
MIKEMCINTYRE2012NC7,2012,NC,MIKE,MCINTYRE,7,MIKE MCINTYRE,D,1293771,1,0.590096124
LARRYKISSELL2012NC8,2012,NC,LARRY,KISSELL,8,LARRY KISSELL,D,795353,0,0.454931442
RICHARDHUDSON2012NC8,2012,NC,RICHARD,HUDSON,8,RICHARD HUDSON,R,952939,1,0.545068558
JENNIFERROBERTS2012NC9,2012,NC,JENNIFER,ROBERTS,9,JENNIFER ROBERTS,D,304902,0,0.359988099
ROBERTPITTENGER2012NC9,2012,NC,ROBERT,PITTENGER,9,ROBERT PITTENGER,R,542076,1,0.640011901
PAMGULLESON2012ND1,2012,ND,PAM,GULLESON,1,PAM GULLESON,D,539037,0,0.405006559
KEVINCRAMER2012ND1,2012,ND,KEVIN,CRAMER,1,KEVIN CRAMER,R,791897,1,0.594993441
JEFFFORTENBERRY2012NE1,2012,NE,JEFF,FORTENBERRY,1,JEFF FORTENBERRY,R,408948,1,0.973229223
KOREYREIMAN2012NE1,2012,NE,KOREY,REIMAN,1,KOREY LYNN REIMAN,D,11249,0,0.026770777
LEETERRY2012NE2,2012,NE,LEE,TERRY,2,LEE TERRY,R,1215784,1,0.809144424
JOHNEWING2012NE2,2012,NE,JOHN,EWING,2,JOHN EWING,D,286771,0,0.190855576
MARKSULLIVAN2012NE3,2012,NE,MARK,SULLIVAN,3,MARK SULLIVAN,D,7400,0,0.009905059
ADRIANSMITH2012NE3,2012,NE,ADRIAN,SMITH,3,ADRIAN SMITH,R,739693,1,0.990094941
FRANKGUINTA2012NH1,2012,NH,FRANK,GUINTA,1,FRANK GUINTA,R,1071407,0,0.534084956
CAROLSHEAPORTER2012NH1,2012,NH,CAROL,SHEAPORTER,1,CAROL SHEAPORTER,D,934654,1,0.465915044
CHARLESBASS2012NH2,2012,NH,CHARLES,BASS,2,CHARLES BASS,R,1281869,0,0.43940494
ANNKUSTER2012NH2,2012,NH,ANN,KUSTER,2,ANN MCLANE KUSTER,D,1635415,1,0.56059506
GREGORYHORTON2012NJ1,2012,NJ,GREGORY,HORTON,1,GREGORY W HORTON,R,6450,0,0.006967399
ROBERTANDREWS2012NJ1,2012,NJ,ROBERT,ANDREWS,1,ROBERT E ANDREWS,D,919290,1,0.993032601
DONALDPAYNE2012NJ10,2012,NJ,DONALD,PAYNE,10,DONALD M PAYNE JR,D,365935,1,1
RODNEYFRELINGHUYSEN2012NJ11,2012,NJ,RODNEY,FRELINGHUYSEN,11,RODNEY FRELINGHUYSEN,R,750124,1,0.941097063
JOHNARVANITES2012NJ11,2012,NJ,JOHN,ARVANITES,11,JOHN ARVANITES,D,46950,0,0.058902937
ERICBECK2012NJ12,2012,NJ,ERIC,BECK,12,ERIC BECK,R,30300,0,0.02405558
RUSHHOLT2012NJ12,2012,NJ,RUSH,HOLT,12,RUSH HOLT,D,1229283,1,0.97594442
FRANKLOBIONDO2012NJ2,2012,NJ,FRANK,LOBIONDO,2,FRANK A LOBIONDO,R,781073,1,0.9682047
CASSANDRASHOBER2012NJ2,2012,NJ,CASSANDRA,SHOBER,2,CASSANDRA SHOBER,D,25250,0,0.031299467
JONRUNYAN2012NJ3,2012,NJ,JON,RUNYAN,3,JON RUNYAN,R,1061451,1,0.643118107
SHELLEYADLER2012NJ3,2012,NJ,SHELLEY,ADLER,3,SHELLEY ADLER,D,589025,0,0.356881893
BRIANFROELICH2012NJ4,2012,NJ,BRIAN,FROELICH,4,BRIAN FROELICH,D,22811,0,0.066452258
CHRISSMITH2012NJ4,2012,NJ,CHRIS,SMITH,4,CHRIS SMITH,R,320458,1,0.933547742
ADAMGUSSEN2012NJ5,2012,NJ,ADAM,GUSSEN,5,ADAM GUSSEN,D,17328,0,0.010307972
SCOTTGARRETT2012NJ5,2012,NJ,SCOTT,GARRETT,5,SCOTT GARRETT,R,1663701,1,0.989692028
FRANKPALLONE2012NJ6,2012,NJ,FRANK,PALLONE,6,FRANK PALLONE JR,D,1281193,1,0.913765903
ANNALITTLE2012NJ6,2012,NJ,ANNA,LITTLE,6,ANNA LITTLE,R,120909,0,0.086234097
LEONARDLANCE2012NJ7,2012,NJ,LEONARD,LANCE,7,LEONARD LANCE,R,902197,1,0.736875334
UPENDRACHIRUKULA2012NJ7,2012,NJ,UPENDRA,CHIRUKULA,7,UPENDRA J CHIRUKULA,D,322158,0,0.263124666
ALBIOSIRES2012NJ8,2012,NJ,ALBIO,SIRES,8,ALBIO SIRES,D,432750,1,1
BILLPASCRELL2012NJ9,2012,NJ,BILL,PASCRELL,9,BILL PASCRELL JR,D,1567082,1,0.880985978
SHMULEYBOTEACH2012NJ9,2012,NJ,SHMULEY,BOTEACH,9,SHMULEY BOTEACH,R,210700,0,0.11845184
MICHELLEGRISHAM2012NM1,2012,NM,MICHELLE,GRISHAM,1,MICHELLE LUJAN GRISHAM,D,917535,1,0.780780512
JANICEARNOLDJONES2012NM1,2012,NM,JANICE,ARNOLDJONES,1,JANICE E ARNOLDJONES,R,257616,0,0.219219488
EVELYNERHARD2012NM2,2012,NM,EVELYN,ERHARD,2,EVELYN ERHARD,D,28075,0,0.031101072
STEVEPEARCE2012NM2,2012,NM,STEVE,PEARCE,2,STEVE PEARCE,R,874627,1,0.968898928
BENLUJAN2012NM3,2012,NM,BEN,LUJAN,3,BEN R LUJAN,D,672405,1,0.960172556
JEFFBYRD2012NM3,2012,NM,JEFF,BYRD,3,JEFF BYRD,R,27891,0,0.039827444
CHRISEDWARDS2012NV1,2012,NV,CHRIS,EDWARDS,1,CHRIS EDWARDS,R,15665,0,0.019868549
DINATITUS2012NV1,2012,NV,DINA,TITUS,1,DINA TITUS,D,763267,1,0.968082219
MARKAMODEI2012NV2,2012,NV,MARK,AMODEI,2,MARK AMODEI,R,795070,1,0.993999025
RUSSELLBEST2012NV2,2012,NV,RUSSELL,BEST,2,RUSSELL BEST,I,4800,0,0.006000975
JOEHECK2012NV3,2012,NV,JOE,HECK,3,JOE HECK,R,1524200,1,0.623831748
JOHNOCEGUERA2012NV3,2012,NV,JOHN,OCEGUERA,3,JOHN OCEGUERA,D,919087,0,0.376168252
DANNYTARKANIAN2012NV4,2012,NV,DANNY,TARKANIAN,4,DANNY TARKANIAN,R,628667,0,0.380749778
STEVENHORSFORD2012NV4,2012,NV,STEVEN,HORSFORD,4,STEVEN HORSFORD,D,1022462,1,0.619250222
RANDYALTSCHULER2012NY1,2012,NY,RANDY,ALTSCHULER,1,RANDY ALTSCHULER,R,1455608,0,0.497928388
TIMOTHYBISHOP2012NY1,2012,NY,TIMOTHY,BISHOP,1,TIMOTHY H BISHOP,D,1467720,1,0.502071612
JERROLDNADLER2012NY10,2012,NY,JERROLD,NADLER,10,JERROLD NADLER,D,763101,1,1
MARKMURPHY2012NY11,2012,NY,MARK,MURPHY,11,MARK MURPHY,D,538845,0,0.281255774
MICHAELGRIMM2012NY11,2012,NY,MICHAEL,GRIMM,11,MICHAEL GRIMM,R,1377009,1,0.718744226
CHRISTOPHERWIGHT2012NY12,2012,NY,CHRISTOPHER,WIGHT,12,CHRISTOPHER WIGHT,R,54522,0,0.04329696
CAROLYNMALONEY2012NY12,2012,NY,CAROLYN,MALONEY,12,CAROLYN B MALONEY,D,1204735,1,0.95670304
CHARLESRANGEL2012NY13,2012,NY,CHARLES,RANGEL,13,CHARLES B RANGEL,D,916616,1,1
JOSEPHCROWLEY2012NY14,2012,NY,JOSEPH,CROWLEY,14,JOSEPH CROWLEY,D,1702494,1,1
JOSESERRANO2012NY15,2012,NY,JOSE,SERRANO,15,JOSE E SERRANO,D,183450,1,1
ELIOTENGEL2012NY16,2012,NY,ELIOT,ENGEL,16,ELIOT L ENGEL,D,716796,1,1
NITALOWEY2012NY17,2012,NY,NITA,LOWEY,17,NITA M LOWEY,D,1470724,1,0.899290522
JOSEPHCARVIN2012NY17,2012,NY,JOSEPH,CARVIN,17,JOSEPH CARVIN,R,164703,0,0.100709478
SEANMALONEY2012NY18,2012,NY,SEAN,MALONEY,18,SEAN PATRICK MALONEY,D,1340172,1,0.385716728
CHRISGIBSON2012NY19,2012,NY,CHRIS,GIBSON,19,CHRIS GIBSON,R,1156748,1,0.617982342
JULIANSCHREIBMAN2012NY19,2012,NY,JULIAN,SCHREIBMAN,19,JULIAN D SCHREIBMAN,D,715066,0,0.382017658
PETEKING2012NY2,2012,NY,PETE,KING,2,PETE KING,R,926977,1,0.995222385
VIVANNEFALCONE2012NY2,2012,NY,VIVANNE,FALCONE,2,VIVANNE FALCONE,D,4450,0,0.004777615
BOBDIETERICH2012NY20,2012,NY,BOB,DIETERICH,20,BOB DIETERICH,R,91989,0,0.144972783
PAULTONKO2012NY20,2012,NY,PAUL,TONKO,20,PAUL TONKO,D,542537,1,0.855027217
MATTDOHENY2012NY21,2012,NY,MATT,DOHENY,21,MATT DOHENY,R,600036,0,0.349593505
BILLOWENS2012NY21,2012,NY,BILL,OWENS,21,BILL OWENS,D,1116346,1,0.650406495
RICHARDHANNA2012NY22,2012,NY,RICHARD,HANNA,22,RICHARD HANNA,R,665892,1,0.812510295
DANLAMB2012NY22,2012,NY,DAN,LAMB,22,DAN LAMB,D,153657,0,0.187489705
NATHANSHINAGAWA2012NY23,2012,NY,NATHAN,SHINAGAWA,23,NATHAN SHINAGAWA,D,415233,0,0.238435615
TOMREED2012NY23,2012,NY,TOM,REED,23,TOM REED,R,1326256,1,0.761564385
DANMAFFEI2012NY24,2012,NY,DAN,MAFFEI,24,DAN MAFFEI,D,1275258,1,0.545057288
ANNBUERKLE2012NY24,2012,NY,ANN,BUERKLE,24,ANN MARIE BUERKLE,R,1059919,0,0.45301937
URSULAROZUM2012NY24,2012,NY,URSULA,ROZUM,24,URSULA E ROZUM,I,4500,0,0.001923342
MAGGIEBROOKS2012NY25,2012,NY,MAGGIE,BROOKS,25,MAGGIE BROOKS,R,677665,0,0.370061025
LOUISESLAUGHTER2012NY25,2012,NY,LOUISE,SLAUGHTER,25,LOUISE M SLAUGHTER,D,1153560,1,0.629938975
MIKEMADIGAN2012NY26,2012,NY,MIKE,MADIGAN,26,MIKE MADIGAN,R,15690,0,0.025664345
BRIANHIGGINS2012NY26,2012,NY,BRIAN,HIGGINS,26,BRIAN M HIGGINS,D,595664,1,0.974335655
CHRISCOLLINS2012NY27,2012,NY,CHRIS,COLLINS,27,CHRIS COLLINS,R,454080,0,0.172555773
STEPHENLABATE2012NY3,2012,NY,STEPHEN,LABATE,3,STEPHEN A LABATE,R,116314,0,0.061073825
CAROLYNMCCARTHY2012NY4,2012,NY,CAROLYN,MCCARTHY,4,CAROLYN MCCARTHY,D,1050503,1,0.897837419
FRANKSCATURRO2012NY4,2012,NY,FRANK,SCATURRO,4,FRANK SCATURRO,R,78794,0,0.067343169
FRANCISBECKER2012NY4,2012,NY,FRANCIS,BECKER,4,FRANCIS X BECKER JR,R,40740,0,0.034819412
GREGORYMEEKS2012NY5,2012,NY,GREGORY,MEEKS,5,GREGORY W MEEKS,D,570786,1,0.991316218
DANIELHALLORAN2012NY6,2012,NY,DANIEL,HALLORAN,6,DANIEL J HALLORAN,R,96710,0,0.136641979
GRACEMENG2012NY6,2012,NY,GRACE,MENG,6,GRACE MENG,D,611052,1,0.863358021
NYDIAVELAZQUEZ2012NY7,2012,NY,NYDIA,VELAZQUEZ,7,NYDIA M VELAZQUEZ,D,424500,1,1
HAKEEMJEFFRIES2012NY8,2012,NY,HAKEEM,JEFFRIES,8,HAKEEM JEFFRIES,D,845176,1,0.99892564
YVETTECLARKE2012NY9,2012,NY,YVETTE,CLARKE,9,YVETTE D CLARKE,D,407887,1,1
STEVECHABOT2012OH1,2012,OH,STEVE,CHABOT,1,STEVE CHABOT,R,643611,1,1
MICHAELTURNER2012OH10,2012,OH,MICHAEL,TURNER,10,MICHAEL R TURNER,R,706750,1,0.66872243
SHARENNEUHARDT2012OH10,2012,OH,SHAREN,NEUHARDT,10,SHAREN NEUHARDT,D,350116,0,0.33127757
MARCIAFUDGE2012OH11,2012,OH,MARCIA,FUDGE,11,MARCIA L FUDGE,D,409345,1,1
JAMESREESE2012OH12,2012,OH,JAMES,REESE,12,JAMES REESE,D,14450,0,0.006823096
MARISHAAGANA2012OH13,2012,OH,MARISHA,AGANA,13,MARISHA AGANA,R,15100,0,0.025560728
TIMRYAN2012OH13,2012,OH,TIM,RYAN,13,TIM RYAN,D,575650,1,0.974439272
DAVIDJOYCE2012OH14,2012,OH,DAVID,JOYCE,14,DAVID P JOYCE,R,492264,1,0.995953579
PATRICKLANG2012OH15,2012,OH,PATRICK,LANG,15,PATRICK LANG,D,48525,0,0.027835396
STEVESTIVERS2012OH15,2012,OH,STEVE,STIVERS,15,STEVE STIVERS,R,1694759,1,0.972164604
BETTYSUTTON2012OH16,2012,OH,BETTY,SUTTON,16,BETTY SUE SUTTON,D,1459710,0,0.437605057
BRADWENSTRUP2012OH2,2012,OH,BRAD,WENSTRUP,2,BRAD WENSTRUP,R,537857,1,1
JOYCEBEATTY2012OH3,2012,OH,JOYCE,BEATTY,3,JOYCE BEATTY,D,487958,1,0.983007415
CHRISLONG2012OH3,2012,OH,CHRIS,LONG,3,CHRIS LONG,R,8435,0,0.016992585
JIMJORDAN2012OH4,2012,OH,JIM,JORDAN,4,JIM JORDAN,R,524247,1,0.969979943
JIMSLONE2012OH4,2012,OH,JIM,SLONE,4,JIM SLONE,D,16225,0,0.030020057
ROBERTLATTA2012OH5,2012,OH,ROBERT,LATTA,5,ROBERT E LATTA,R,648469,1,0.73096168
ANGELAZIMMANN2012OH5,2012,OH,ANGELA,ZIMMANN,5,ANGELA KAY ZIMMANN,D,238676,0,0.26903832
CHARLIEWILSON2012OH6,2012,OH,CHARLIE,WILSON,6,CHARLIE WILSON,D,605816,0,0.354622201
BILLJOHNSON2012OH6,2012,OH,BILL,JOHNSON,6,BILL JOHNSON,R,1102526,1,0.645377799
BOBGIBBS2012OH7,2012,OH,BOB,GIBBS,7,BOB GIBBS,R,849194,1,0.692296154
JOYCEHEALYABRAMS2012OH7,2012,OH,JOYCE,HEALYABRAMS,7,JOYCE HEALYABRAMS,D,377440,0,0.307703846
MARCYKAPTUR2012OH9,2012,OH,MARCY,KAPTUR,9,MARCY KAPTUR,D,716813,1,0.900277941
JOEWURZELBACHER2012OH9,2012,OH,JOE,WURZELBACHER,9,JOE WURZELBACHER,R,79400,0,0.099722059
JOHNOLSON2012OK1,2012,OK,JOHN,OLSON,1,JOHN OLSON,D,145823,0,0.26085331
JIMBRIDENSTINE2012OK1,2012,OK,JIM,BRIDENSTINE,1,JAMES BRIDENSTINE,R,413200,1,0.73914669
MARKWAYNEMULLIN2012OK2,2012,OK,MARKWAYNE,MULLIN,2,MARKWAYNE MULLIN,R,738526,1,0.491698019
ROBWALLACE2012OK2,2012,OK,ROB,WALLACE,2,ROB WALLACE,D,763465,0,0.508301981
FRANKLUCAS2012OK3,2012,OK,FRANK,LUCAS,3,FRANK D LUCAS,R,1270193,1,1
TOMCOLE2012OK4,2012,OK,TOM,COLE,4,TOM COLE,R,677841,1,0.994031479
DONNABEBO2012OK4,2012,OK,DONNA,BEBO,4,DONNA BEBO,D,4070,0,0.005968521
TOMGUILD2012OK5,2012,OK,TOM,GUILD,5,TOM GUILD,D,13545,0,0.019395107
JAMESLANKFORD2012OK5,2012,OK,JAMES,LANKFORD,5,JAMES LANKFORD,R,684827,1,0.980604893
SUZANNEBONAMICI2012OR1,2012,OR,SUZANNE,BONAMICI,1,SUZANNE BONAMICI,D,1248338,1,0.994804986
DELINDAMORGAN2012OR1,2012,OR,DELINDA,MORGAN,1,DELINDA MORGAN,R,6519,0,0.005195014
GREGWALDEN2012OR2,2012,OR,GREG,WALDEN,2,GREG WALDEN,R,1689619,1,0.996373327
JOYCESEGERS2012OR2,2012,OR,JOYCE,SEGERS,2,JOYCE B SEGERS,D,6150,0,0.003626673
ARTROBINSON2012OR4,2012,OR,ART,ROBINSON,4,ART ROBINSON,R,414718,0,0.381135748
PETERDEFAZIO2012OR4,2012,OR,PETER,DEFAZIO,4,PETER DEFAZIO,D,673393,1,0.618864252
KURTSCHRADER2012OR5,2012,OR,KURT,SCHRADER,5,KURT SCHRADER,D,1013675,1,0.992947227
FREDTHOMPSON2012OR5,2012,OR,FRED,THOMPSON,5,FRED THOMPSON,R,7200,0,0.007052773
ROBERTBRADY2012PA1,2012,PA,ROBERT,BRADY,1,ROBERT A BRADY,D,472300,1,0.990873807
JOHNFEATHERMAN2012PA1,2012,PA,JOHN,FEATHERMAN,1,JOHN FEATHERMAN,R,4350,0,0.009126193
TOMMARINO2012PA10,2012,PA,TOM,MARINO,10,TOM MARINO,R,460246,1,0.818986779
PHILIPSCOLLO2012PA10,2012,PA,PHILIP,SCOLLO,10,PHILIP SCOLLO,D,101724,0,0.181013221
GENESTILP2012PA11,2012,PA,GENE,STILP,11,GENE STILP,D,45880,0,0.068020353
LOUBARLETTA2012PA11,2012,PA,LOU,BARLETTA,11,LOU BARLETTA,R,628624,1,0.931979647
MARKCRITZ2012PA12,2012,PA,MARK,CRITZ,12,MARK CRITZ,D,1464902,0,0.545978978
KEITHROTHFUS2012PA12,2012,PA,KEITH,ROTHFUS,12,KEITH J ROTHFUS,R,1218172,1,0.454021022
JOEROONEY2012PA13,2012,PA,JOE,ROONEY,13,JOE ROONEY,R,72787,0,0.035642477
MIKEDOYLE2012PA14,2012,PA,MIKE,DOYLE,14,MIKE DOYLE,D,605329,1,0.957452126
HANSLESSMANN2012PA14,2012,PA,HANS,LESSMANN,14,HANS F LESSMANN,R,26900,0,0.042547874
RICKDAUGHERTY2012PA15,2012,PA,RICK,DAUGHERTY,15,RICK DAUGHERTY,D,20850,0,0.019544066
CHARLIEDENT2012PA15,2012,PA,CHARLIE,DENT,15,CHARLIE DENT,R,1045970,1,0.980455934
JOEPITTS2012PA16,2012,PA,JOE,PITTS,16,JOE PITTS,R,1059659,1,0.975459304
ARYANNASTRADER2012PA16,2012,PA,ARYANNA,STRADER,16,ARYANNA STRADER,D,26159,0,0.024080426
MATTCARTWRIGHT2012PA17,2012,PA,MATT,CARTWRIGHT,17,MATT CARTWRIGHT,D,633872,1,0.97287375
LAUREENCUMMINGS2012PA17,2012,PA,LAUREEN,CUMMINGS,17,LAUREEN CUMMINGS,R,17674,0,0.02712625
LARRYMAGGI2012PA18,2012,PA,LARRY,MAGGI,18,LARRY MAGGI,D,308200,0,0.182496555
TIMMURPHY2012PA18,2012,PA,TIM,MURPHY,18,TIM MURPHY,R,1380599,1,0.817503445
MIKEKELLY2012PA3,2012,PA,MIKE,KELLY,3,MIKE KELLY,R,560291,1,0.811178899
MELISSAEATON2012PA3,2012,PA,MELISSA,EATON,3,MELISSA EATON,D,129921,0,0.18809721
STEVEPORTER2012PA3,2012,PA,STEVE,PORTER,3,STEVE PORTER,I,500,0,0.000723891
SCOTTPERRY2012PA4,2012,PA,SCOTT,PERRY,4,SCOTT PERRY,R,314567,1,0.920683004
HARRYPERKINSON2012PA4,2012,PA,HARRY,PERKINSON,4,HARRY PERKINSON,D,24050,0,0.070390175
MIKEKOFFENBERGER2012PA4,2012,PA,MIKE,KOFFENBERGER,4,MIKE KOFFENBERGER,I,3050,0,0.008926821
GLENNTHOMPSON2012PA5,2012,PA,GLENN,THOMPSON,5,GLENN THOMPSON,R,651869,1,0.988475577
CHARLESDUMAS2012PA5,2012,PA,CHARLES,DUMAS,5,CHARLES DUMAS,D,7600,0,0.011524423
JIMGERLACH2012PA6,2012,PA,JIM,GERLACH,6,JIM GERLACH,R,1366872,1,0.667853639
MANANTRIVEDI2012PA6,2012,PA,MANAN,TRIVEDI,6,MANAN TRIVEDI,D,679792,0,0.332146361
PATRICKMEEHAN2012PA7,2012,PA,PATRICK,MEEHAN,7,PATRICK MEEHAN,R,1501725,1,0.844294682
GEORGEBADEY2012PA7,2012,PA,GEORGE,BADEY,7,GEORGE BADEY,D,276949,0,0.155705318
MICHAELFITZPATRICK2012PA8,2012,PA,MICHAEL,FITZPATRICK,8,MICHAEL G FITZPATRICK,R,1369330,1,0.633763346
KATHRYNBOOCKVAR2012PA8,2012,PA,KATHRYN,BOOCKVAR,8,KATHRYN BOOCKVAR,D,791303,0,0.366236654
BILLSHUSTER2012PA9,2012,PA,BILL,SHUSTER,9,BILL SHUSTER,R,1089653,1,0.9951278
KARENRAMSBURG2012PA9,2012,PA,KAREN,RAMSBURG,9,KAREN RAMSBURG,I,5335,0,0.0048722
BRENDANDOHERTY2012RI1,2012,RI,BRENDAN,DOHERTY,1,BRENDAN P DOHERTY,R,692241,0,0.350777954
DAVIDCICILLINE2012RI1,2012,RI,DAVID,CICILLINE,1,DAVID CICILLINE,D,1281204,1,0.649222046
MICHAELRILEY2012RI2,2012,RI,MICHAEL,RILEY,2,MICHAEL G RILEY,R,70850,0,0.090784566
JIMLANGEVIN2012RI2,2012,RI,JIM,LANGEVIN,2,JIM LANGEVIN,D,709569,1,0.909215434
BARRYHINCKLEY2012RIS,2012,RI,BARRY,HINCKLEY,S,BARRY HINCKLEY,R,1037571,0,0.225246604
BOBBIEROSE2012SC1,2012,SC,BOBBIE,ROSE,1,BOBBIE ROSE,D,90400,0,0.084444469
TIMSCOTT2012SC1,2012,SC,TIM,SCOTT,1,TIM SCOTT,R,980126,1,0.915555531
JOEWILSON2012SC2,2012,SC,JOE,WILSON,2,JOE WILSON,R,487453,1,1
JEFFDUNCAN2012SC3,2012,SC,JEFF,DUNCAN,3,JEFF DUNCAN,R,379427,1,0.998683958
TREYGOWDY2012SC4,2012,SC,TREY,GOWDY,4,TREY GOWDY,R,428091,1,0.997785759
MICKMULVANEY2012SC5,2012,SC,MICK,MULVANEY,5,MICK MULVANEY,R,460456,1,0.974239946
JOYCEKNOTT2012SC5,2012,SC,JOYCE,KNOTT,5,JOYCE KNOTT,D,12175,0,0.025760054
JAMESCLYBURN2012SC6,2012,SC,JAMES,CLYBURN,6,JAMES E CLYBURN,D,1464243,1,1
TOMRICE2012SC7,2012,SC,TOM,RICE,7,TOM RICE,R,818104,1,0.83544022
GLORIABROMELLTINUBU2012SC7,2012,SC,GLORIA,BROMELLTINUBU,7,GLORIA BROMELLTINUBU,D,161145,0,0.16455978
KRISTINOEM2012SD1,2012,SD,KRISTI,NOEM,1,KRISTI NOEM,R,1466578,1,0.791669478
MATTVARILEK2012SD1,2012,SD,MATT,VARILEK,1,MATT VARILEK,D,385935,0,0.208330522
PHILROE2012TN1,2012,TN,PHIL,ROE,1,PHIL ROE,R,420336,1,0.998693233
TROYGOODALE2012TN2,2012,TN,TROY,GOODALE,2,TROY GOODALE,D,1000,0,0.00207129
JOHNDUNCAN2012TN2,2012,TN,JOHN,DUNCAN,2,JOHN J DUNCAN JR,R,481791,1,0.99792871
CHUCKFLEISCHMANN2012TN3,2012,TN,CHUCK,FLEISCHMANN,3,CHUCK FLEISCHMANN,R,755006,1,0.943415512
MARYHEADRICK2012TN3,2012,TN,MARY,HEADRICK,3,MARY MARGARET HEADRICK,D,45284,0,0.056584488
SCOTTDESJARLAIS2012TN4,2012,TN,SCOTT,DESJARLAIS,4,SCOTT DESJARLAIS,R,791113,1,0.675602533
ERICSTEWART2012TN4,2012,TN,ERIC,STEWART,4,ERIC STEWART,D,379861,0,0.324397467
JIMCOOPER2012TN5,2012,TN,JIM,COOPER,5,JIM COOPER,D,682929,1,0.967144813
BRADSTAATS2012TN5,2012,TN,BRAD,STAATS,5,BRAD STAATS,R,23200,0,0.032855187
DIANEBLACK2012TN6,2012,TN,DIANE,BLACK,6,DIANE BLACK,R,1300407,1,1
JACKARNOLD2012TN7,2012,TN,JACK,ARNOLD,7,JACK TODD ARNOLD,I,2638,0,0.002416636
MARSHABLACKBURN2012TN7,2012,TN,MARSHA,BLACKBURN,7,MARSHA BLACKBURN,R,1088962,1,0.997583364
STEVEFINCHER2012TN8,2012,TN,STEVE,FINCHER,8,STEVE FINCHER,R,1416219,1,0.994347978
TIMOTHYDIXON2012TN8,2012,TN,TIMOTHY,DIXON,8,TIMOTHY D DIXON,D,8050,0,0.005652022
STEVECOHEN2012TN9,2012,TN,STEVE,COHEN,9,STEVE COHEN,D,518625,1,0.902231114
GEORGEFLINN2012TN9,2012,TN,GEORGE,FLINN,9,GEORGE S FLINN JR,R,56200,0,0.097768886
LOUISGOHMERT2012TX1,2012,TX,LOUIS,GOHMERT,1,LOUIS B GOHMERT JR,R,458987,1,0.965542412
SHIRLEYMCKELLAR2012TX1,2012,TX,SHIRLEY,MCKELLAR,1,SHIRLEY MCKELLAR,D,16380,0,0.034457588
MICHAELMCCAUL2012TX10,2012,TX,MICHAEL,MCCAUL,10,MICHAEL MCCAUL,R,752805,1,0.975698427
TAWANACADIEN2012TX10,2012,TX,TAWANA,CADIEN,10,TAWANA W CADIEN,D,18750,0,0.024301573
MIKECONAWAY2012TX11,2012,TX,MIKE,CONAWAY,11,MIKE CONAWAY,R,925758,1,0.999460194
JIMRILEY2012TX11,2012,TX,JIM,RILEY,11,JIM RILEY,D,500,0,0.000539806
KAYGRANGER2012TX12,2012,TX,KAY,GRANGER,12,KAY GRANGER,R,889282,1,0.999662763
MACTHORNBERRY2012TX13,2012,TX,MAC,THORNBERRY,13,MAC THORNBERRY,R,698047,1,1
RANDYWEBER2012TX14,2012,TX,RANDY,WEBER,14,RANDY WEBER,R,635575,1,0.484999969
NICKLAMPSON2012TX14,2012,TX,NICK,LAMPSON,14,NICK LAMPSON,D,674889,0,0.515000031
RUBENHINOJOSA2012TX15,2012,TX,RUBEN,HINOJOSA,15,RUBEN HINOJOSA,D,419547,1,0.977857904
DALEBRUEGGEMANN2012TX15,2012,TX,DALE,BRUEGGEMANN,15,DALE BRUEGGEMANN,R,9500,0,0.022142096
BETOOROURKE2012TX16,2012,TX,BETO,OROURKE,16,BETO OROURKE,D,295600,1,0.869194466
BARBARACARRASCO2012TX16,2012,TX,BARBARA,CARRASCO,16,BARBARA CARRASCO,R,44485,0,0.130805534
BILLFLORES2012TX17,2012,TX,BILL,FLORES,17,BILL FLORES,R,843712,1,1
SHEILALEE2012TX18,2012,TX,SHEILA,LEE,18,SHEILA JACKSON LEE,D,385560,1,0.968656101
SEANSEIBERT2012TX18,2012,TX,SEAN,SEIBERT,18,SEAN SEIBERT,R,12476,0,0.031343899
RANDYNEUGEBAUER2012TX19,2012,TX,RANDY,NEUGEBAUER,19,RANDY NEUGEBAUER,R,1158518,1,1
TEDPOE2012TX2,2012,TX,TED,POE,2,TED POE,R,554105,1,0.980187686
JIMDOUGHERTY2012TX2,2012,TX,JIM,DOUGHERTY,2,JIM DOUGHERTY,D,11200,0,0.019812314
DAVIDROSA2012TX20,2012,TX,DAVID,ROSA,20,DAVID L ROSA,R,24690,0,0.029314824
JOAQUINCASTRO2012TX20,2012,TX,JOAQUIN,CASTRO,20,JOAQUIN CASTRO,D,817546,1,0.970685176
LAMARSMITH2012TX21,2012,TX,LAMAR,SMITH,21,LAMAR SMITH,R,1120422,1,0.973085221
CANDACEDUVAL2012TX21,2012,TX,CANDACE,DUVAL,21,CANDACE DUVAL,D,30990,0,0.026914779
PETEOLSON2012TX22,2012,TX,PETE,OLSON,22,PETE OLSON,R,902654,1,0.985397858
KESHAROGERS2012TX22,2012,TX,KESHA,ROGERS,22,KESHA ROGERS,D,13376,0,0.014602142
PETEGALLEGO2012TX23,2012,TX,PETE,GALLEGO,23,PETE GALLEGO,D,985252,1,0.357345396
KENNYMARCHANT2012TX24,2012,TX,KENNY,MARCHANT,24,KENNY MARCHANT,R,602719,1,0.9983436
MICHAELBURGESS2012TX26,2012,TX,MICHAEL,BURGESS,26,MICHAEL BURGESS,R,889632,1,1
ROSEHARRISON2012TX27,2012,TX,ROSE,HARRISON,27,ROSE MEZA HARRISON,D,247105,0,0.246606608
BLAKEFARENTHOLD2012TX27,2012,TX,BLAKE,FARENTHOLD,27,BLAKE FARENTHOLD,R,749716,1,0.74820388
WILLAIMBALDWIN2012TX27,2012,TX,WILLAIM,BALDWIN,27,WILLAIM BRET BALDWIN,I,5200,0,0.005189512
HENRYCUELLAR2012TX28,2012,TX,HENRY,CUELLAR,28,HENRY CUELLAR,D,874382,1,1
GENEGREEN2012TX29,2012,TX,GENE,GREEN,29,GENE GREEN,D,805550,1,1
SAMJOHNSON2012TX3,2012,TX,SAM,JOHNSON,3,SAM JOHNSON,R,745814,1,1
EDDIEJOHNSON2012TX30,2012,TX,EDDIE,JOHNSON,30,EDDIE BERNICE JOHNSON,D,510254,1,0.994639418
TRAVISWASHINGTON2012TX30,2012,TX,TRAVIS,WASHINGTON,30,TRAVIS WASHINGTON JR,R,2750,0,0.005360582
JOHNCARTER2012TX31,2012,TX,JOHN,CARTER,31,JOHN CARTER,R,556241,1,1
KATHERINEMCGOVERN2012TX32,2012,TX,KATHERINE,MCGOVERN,32,KATHERINE MCGOVERN,D,19691,0,0.015111261
PETESESSIONS2012TX32,2012,TX,PETE,SESSIONS,32,PETE SESSIONS,R,1283127,1,0.984696885
SETHHOLLIST2012TX32,2012,TX,SETH,HOLLIST,32,SETH HOLLIST,I,250,0,0.000191855
MARCVEASEY2012TX33,2012,TX,MARC,VEASEY,33,MARC VEASEY,D,748619,1,1
JESSICAPUENTEBRADSHAW2012TX34,2012,TX,JESSICA,PUENTEBRADSHAW,34,JESSICA PUENTEBRADSHAW,R,40842,0,0.103024753
FILEMONVELA2012TX34,2012,TX,FILEMON,VELA,34,FILEMON VELA,D,355587,1,0.896975247
SUSANNARVAIZ2012TX35,2012,TX,SUSAN,NARVAIZ,35,SUSAN NARVAIZ,R,98117,0,0.084278474
LLOYDDOGGETT2012TX35,2012,TX,LLOYD,DOGGETT,35,LLOYD DOGGETT,D,1066083,1,0.915721526
STEVESTOCKMAN2012TX36,2012,TX,STEVE,STOCKMAN,36,STEVE STOCKMAN,R,206449,1,0.998066222
RALPHHALL2012TX4,2012,TX,RALPH,HALL,4,RALPH HALL,R,413361,1,1
KENNETHSANDERS2012TX6,2012,TX,KENNETH,SANDERS,6,KENNETH SANDERS,D,26240,0,0.029031848
JOEBARTON2012TX6,2012,TX,JOE,BARTON,6,JOE BARTON,R,877595,1,0.970968152
JOHNCULBERSON2012TX7,2012,TX,JOHN,CULBERSON,7,JOHN CULBERSON,R,580571,1,0.938918718
JAMESCARGAS2012TX7,2012,TX,JAMES,CARGAS,7,JAMES CARGAS,D,37769,0,0.061081282
KEVINBRADY2012TX8,2012,TX,KEVIN,BRADY,8,KEVIN BRADY,R,962500,1,0.998185118
ALGREEN2012TX9,2012,TX,AL,GREEN,9,AL GREEN,D,262478,1,0.990565254
JOHNMYERS2012TXS,2012,TX,JOHN,MYERS,S,JOHN JAY MYERS,I,8000,0,0.001067296
ROBBISHOP2012UT1,2012,UT,ROB,BISHOP,1,ROB BISHOP,R,285254,1,0.703557819
DONNAMCALEER2012UT1,2012,UT,DONNA,MCALEER,1,DONNA MCALEER,D,120191,0,0.296442181
CHRISSTEWART2012UT2,2012,UT,CHRIS,STEWART,2,CHRIS STEWART,R,289600,1,0.805787423
FSEEGMILLER2012UT2,2012,UT,F,SEEGMILLER,2,F JAY SEEGMILLER,D,69800,0,0.194212577
SORENSIMONSEN2012UT3,2012,UT,SOREN,SIMONSEN,3,SOREN SIMONSEN,D,28250,0,0.049979124
JASONCHAFFETZ2012UT3,2012,UT,JASON,CHAFFETZ,3,JASON CHAFFETZ,R,536986,1,0.950020876
JIMMATHESON2012UT4,2012,UT,JIM,MATHESON,4,JIM MATHESON,D,1541783,1,0.619846898
MIALOVE2012UT4,2012,UT,MIA,LOVE,4,MIA LOVE,R,945578,0,0.380153102
WILLIAMBARRON2012UTS,2012,UT,WILLIAM,BARRON,S,WILLIAM CURRIE BARRON,I,8300,0,0.001070249
ROBWITTMAN2012VA1,2012,VA,ROB,WITTMAN,1,ROB WITTMAN,R,504350,1,0.856158279
ADAMCOOK2012VA1,2012,VA,ADAM,COOK,1,ADAM COOK,D,84735,0,0.143841721
KRISTINCABRAL2012VA10,2012,VA,KRISTIN,CABRAL,10,KRISTIN CABRAL,D,65075,0,0.102651832
FRANKWOLF2012VA10,2012,VA,FRANK,WOLF,10,FRANK WOLF,R,567382,1,0.895010403
GERRYCONNOLLY2012VA11,2012,VA,GERRY,CONNOLLY,11,GERRY CONNOLLY,D,1158879,1,0.828950785
CHRISTOPHERPERKINS2012VA11,2012,VA,CHRISTOPHER,PERKINS,11,CHRISTOPHER S PERKINS,R,238628,0,0.170691563
SCOTTRIGELL2012VA2,2012,VA,SCOTT,RIGELL,2,SCOTT RIGELL,R,1133997,1,0.54747658
PAULHIRSCHBIEL2012VA2,2012,VA,PAUL,HIRSCHBIEL,2,PAUL ODELL HIRSCHBIEL JR,D,937319,0,0.45252342
BOBBYSCOTT2012VA3,2012,VA,BOBBY,SCOTT,3,BOBBY SCOTT,D,283950,1,0.953450655
DEANLONGO2012VA3,2012,VA,DEAN,LONGO,3,DEAN LONGO,R,13863,0,0.046549345
ELLAWARD2012VA4,2012,VA,ELLA,WARD,4,ELLA WARD,D,18250,0,0.034000932
RANDYFORBES2012VA4,2012,VA,RANDY,FORBES,4,RANDY FORBES,R,518500,1,0.965999068
ROBERTHURT2012VA5,2012,VA,ROBERT,HURT,5,ROBERT HURT,R,1176117,1,0.674794957
JOHNDOUGLASS2012VA5,2012,VA,JOHN,DOUGLASS,5,JOHN DOUGLASS,D,566808,0,0.325205043
BOBGOODLATTE2012VA6,2012,VA,BOB,GOODLATTE,6,BOB GOODLATTE,R,912185,1,0.93090266
ANDYSCHMOOKLER2012VA6,2012,VA,ANDY,SCHMOOKLER,6,ANDY SCHMOOKLER,D,67708,0,0.06909734
WAYNEPOWELL2012VA7,2012,VA,WAYNE,POWELL,7,WAYNE POWELL,D,206054,0,0.041188385
JIMMORAN2012VA8,2012,VA,JIM,MORAN,8,JIM MORAN,D,713170,1,0.857654819
PATRICKMURRAY2012VA8,2012,VA,PATRICK,MURRAY,8,PATRICK MURRAY,R,115815,0,0.139278563
JASONHOWELL2012VA8,2012,VA,JASON,HOWELL,8,JASON HOWELL,I,2550,0,0.003066618
MORGANGRIFFITH2012VA9,2012,VA,MORGAN,GRIFFITH,9,MORGAN GRIFFITH,R,800675,1,0.816016103
ANTHONYFLACCAVENTO2012VA9,2012,VA,ANTHONY,FLACCAVENTO,9,ANTHONY FLACCAVENTO,D,180525,0,0.183983897
PETERWELCH2012VT1,2012,VT,PETER,WELCH,1,PETER WELCH,D,587183,1,1
JOHNMACGOVERN2012VTS,2012,VT,JOHN,MACGOVERN,S,JOHN MACGOVERN,R,43720,0,0.025755068
BERNIESANDERS2012VTS,2012,VT,BERNIE,SANDERS,S,BERNIE SANDERS,I,1653810,1,0.974244932
JOHNKOSTER2012WA1,2012,WA,JOHN,KOSTER,1,JOHN KOSTER,R,614053,0,0.393161753
SUZANDELBENE2012WA1,2012,WA,SUZAN,DELBENE,1,SUZAN DELBENE,D,947780,1,0.606838247
DICKMURI2012WA10,2012,WA,DICK,MURI,10,DICK MURI,R,125401,0,0.104716025
DENNISHECK2012WA10,2012,WA,DENNIS,HECK,10,DENNIS HECK,D,1072133,1,0.895283975
RICKLARSEN2012WA2,2012,WA,RICK,LARSEN,2,RICK LARSEN,D,792800,1,0.952867436
DANMATTHEWS2012WA2,2012,WA,DAN,MATTHEWS,2,DAN MATTHEWS,R,39215,0,0.047132564
JAIMEBEUTLER2012WA3,2012,WA,JAIME,BEUTLER,3,JAIME HERRERA BEUTLER,R,839472,1,0.998154631
DOCHASTINGS2012WA4,2012,WA,DOC,HASTINGS,4,DOC HASTINGS,R,889781,1,0.990868404
CATHYRODGERS2012WA5,2012,WA,CATHY,RODGERS,5,CATHY MCMORRIS RODGERS,R,1001077,1,0.858720836
RICHCOWAN2012WA5,2012,WA,RICH,COWAN,5,RICH COWAN,D,164700,0,0.141279164
BILLDRISCOLL2012WA6,2012,WA,BILL,DRISCOLL,6,BILL DRISCOLL,R,392018,0,0.298987455
DEREKKILMER2012WA6,2012,WA,DEREK,KILMER,6,DEREK KILMER,D,919134,1,0.701012545
RONBEMIS2012WA7,2012,WA,RON,BEMIS,7,RON BEMIS,R,24935,0,0.066736253
DAVEREICHERT2012WA8,2012,WA,DAVE,REICHERT,8,DAVE REICHERT,R,955108,1,0.980897764
KARENPORTERFIELD2012WA8,2012,WA,KAREN,PORTERFIELD,8,KAREN PORTERFIELD,D,18600,0,0.019102236
ADAMSMITH2012WA9,2012,WA,ADAM,SMITH,9,ADAM SMITH,D,777460,1,1
ROBZERBAN2012WI1,2012,WI,ROB,ZERBAN,1,ROB ZERBAN,D,684605,0,0.228785986
CHADLEE2012WI2,2012,WI,CHAD,LEE,2,CHAD LEE,R,33790,0,0.049872036
RAYBOLAND2012WI3,2012,WI,RAY,BOLAND,3,RAY BOLAND,R,19180,0,0.015234144
RONKIND2012WI3,2012,WI,RON,KIND,3,RON KIND,D,1239834,1,0.984765856
GWENMOORE2012WI4,2012,WI,GWEN,MOORE,4,GWEN MOORE,D,623516,1,0.985462626
DANSEBRING2012WI4,2012,WI,DAN,SEBRING,4,DAN SEBRING,R,9198,0,0.014537374
FSENSENBRENNER2012WI5,2012,WI,F,SENSENBRENNER,5,F JAMES SENSENBRENNER JR,R,348129,1,1
TOMPETRI2012WI6,2012,WI,TOM,PETRI,6,TOM PETRI,R,501423,1,0.998148712
JOSEPHKALLAS2012WI6,2012,WI,JOSEPH,KALLAS,6,JOSEPH C KALLAS,D,930,0,0.001851288
SEANDUFFY2012WI7,2012,WI,SEAN,DUFFY,7,SEAN P DUFFY,R,1414491,1,0.693072174
PATRICKKREITLOW2012WI7,2012,WI,PATRICK,KREITLOW,7,PATRICK KREITLOW,D,626409,0,0.306927826
JAMIEWALL2012WI8,2012,WI,JAMIE,WALL,8,JAMIE WALL,D,549063,0,0.301355119
REIDRIBBLE2012WI8,2012,WI,REID,RIBBLE,8,REID RIBBLE,R,1272917,1,0.698644881
DAVIDMCKINLEY2012WV1,2012,WV,DAVID,MCKINLEY,1,DAVID MCKINLEY,R,1300528,1,0.929200783
SUSANTHORN2012WV1,2012,WV,SUSAN,THORN,1,SUSAN THORN,D,99092,0,0.070799217
SHELLEYCAPITO2012WV2,2012,WV,SHELLEY,CAPITO,2,SHELLEY MOORE CAPITO,R,1569549,1,0.999808899
RICHARDSNUFFER2012WV3,2012,WV,RICHARD,SNUFFER,3,RICHARD SNUFFER,R,389882,0,0.279469478
NICKRAHALL2012WV3,2012,WV,NICK,RAHALL,3,NICK RAHALL,D,1005197,1,0.720530522
JOHNRAESE2012WVS,2012,WV,JOHN,RAESE,S,JOHN R RAESE,R,1020689,0,0.171795943
CYNTHIALUMMIS2012WY1,2012,WY,CYNTHIA,LUMMIS,1,CYNTHIA MARIE LUMMIS,R,500184,1,0.999001366
DANIELCUMMINGS2012WY1,2012,WY,DANIEL,CUMMINGS,1,DANIEL CUMMINGS,I,500,0,0.000998634