ID,YEAR,STATE,FIRST,LAST,DISTRICT,CANDIDATE,PARTY,CANDTOTAL,WINNER,RaceFundPerc
DONYOUNG2006AK1,2006,AK,DON,YOUNG,1,DON YOUNG,R,1150881,1,0.95841897
DIANEBENSON2006AK1,2006,AK,DIANE,BENSON,1,DIANE E BENSON,D,49931,0,0.04158103
JOBONNER2006AL1,2006,AL,JO,BONNER,1,JO BONNER,R,615907,1,0.985765068
TERRYEVERETT2006AL2,2006,AL,TERRY,EVERETT,2,TERRY EVERETT,R,516745,1,0.991091122
MIKEROGERS2006AL3,2006,AL,MIKE,ROGERS,3,MIKE D ROGERS,R,883120,1,0.99571551
GREGPIERCE2006AL3,2006,AL,GREG,PIERCE,3,GREG A PIERCE,D,3800,0,0.00428449
ROBERTADERHOLT2006AL4,2006,AL,ROBERT,ADERHOLT,4,ROBERT B ADERHOLT,R,382427,1,1
BUDCRAMER2006AL5,2006,AL,BUD,CRAMER,5,BUD CRAMER,D,573711,1,1
SPENCERBACHUS2006AL6,2006,AL,SPENCER,BACHUS,6,SPENCER BACHUS,R,1246661,1,1
ARTURDAVIS2006AL7,2006,AL,ARTUR,DAVIS,7,ARTUR DAVIS,D,521050,1,1
MICKEYSTUMBAUGH2006AR1,2006,AR,MICKEY,STUMBAUGH,1,MICKEY STUBBY STUMBAUGH,R,36625,0,0.044768968
MARIONBERRY2006AR1,2006,AR,MARION,BERRY,1,MARION BERRY,D,781464,1,0.955231032
ANDYMAYBERRY2006AR2,2006,AR,ANDY,MAYBERRY,2,ANDY JOSEPH MAYBERRY,R,31768,0,0.081387961
VICSNYDER2006AR2,2006,AR,VIC,SNYDER,2,VIC SNYDER,D,358560,1,0.918612039
JOHNBOOZMAN2006AR3,2006,AR,JOHN,BOOZMAN,3,JOHN BOOZMAN,R,324036,1,0.876561879
WOODROWANDERSON2006AR3,2006,AR,WOODROW,ANDERSON,3,WOODROW WILSON ANDERSON,D,45631,0,0.123438121
MIKEROSS2006AR4,2006,AR,MIKE,ROSS,4,MIKE ROSS,D,793850,1,1
ELLENSIMON2006AZ1,2006,AZ,ELLEN,SIMON,1,ELLEN SIMON,D,504711,0,0.288501244
DAVIDSCHLOSSER2006AZ1,2006,AZ,DAVID,SCHLOSSER,1,DAVID B SCHLOSSER,I,11450,0,0.006545011
RICKRENZI2006AZ1,2006,AZ,RICK,RENZI,1,RICK RENZI,R,1233263,1,0.704953745
JOHNTHRASHER2006AZ2,2006,AZ,JOHN,THRASHER,2,JOHN THRASHER,D,15570,0,0.061829878
TRENTFRANKS2006AZ2,2006,AZ,TRENT,FRANKS,2,TRENT FRANKS,R,236250,1,0.938170122
HERBPAINE2006AZ3,2006,AZ,HERB,PAINE,3,HERB PAINE,D,43563,0,0.059437511
JOHNSHADEGG2006AZ3,2006,AZ,JOHN,SHADEGG,3,JOHN SHADEGG,R,689358,1,0.940562489
EDPASTOR2006AZ4,2006,AZ,ED,PASTOR,4,ED PASTOR,D,694349,1,1
HARRYMITCHELL2006AZ5,2006,AZ,HARRY,MITCHELL,5,HARRY MITCHELL,D,1077964,1,0.393077091
JHAYWORTH2006AZ5,2006,AZ,J,HAYWORTH,5,J D HAYWORTH,R,1664409,0,0.606922909
JEFFFLAKE2006AZ6,2006,AZ,JEFF,FLAKE,6,JEFF FLAKE,R,325298,1,1
RAULGRIJALVA2006AZ7,2006,AZ,RAUL,GRIJALVA,7,RAUL M GRIJALVA,D,405851,1,0.785960231
RONDRAKE2006AZ7,2006,AZ,RON,DRAKE,7,RON DRAKE,R,110525,0,0.214039769
RANDYGRAF2006AZ8,2006,AZ,RANDY,GRAF,8,RANDY GRAF,R,591588,0,0.288116698
DAVIDNOLAN2006AZ8,2006,AZ,DAVID,NOLAN,8,DAVID F NOLAN,I,14500,0,0.007061827
GABRIELLEGIFFORDS2006AZ8,2006,AZ,GABRIELLE,GIFFORDS,8,GABRIELLE GIFFORDS,D,1446955,1,0.704699719
MIKETHOMPSON2006CA1,2006,CA,MIKE,THOMPSON,1,MIKE THOMPSON,D,928559,1,0.989319017
ELLENTAUSCHER2006CA10,2006,CA,ELLEN,TAUSCHER,10,ELLEN O TAUSCHER,D,532191,1,0.998255555
JERRYMCNERNEY2006CA11,2006,CA,JERRY,MCNERNEY,11,JERRY MCNERNEY,D,1323660,1,0.334910313
TOMLANTOS2006CA12,2006,CA,TOM,LANTOS,12,TOM LANTOS,D,583325,1,1
GEORGEBRUNO2006CA13,2006,CA,GEORGE,BRUNO,13,GEORGE I BRUNO,R,6650,0,0.01992187
PETESTARK2006CA13,2006,CA,PETE,STARK,13,PETE STARK,D,327154,1,0.98007813
ANNAESHOO2006CA14,2006,CA,ANNA,ESHOO,14,ANNA ESHOO,D,803029,1,0.999626554
MIKEHONDA2006CA15,2006,CA,MIKE,HONDA,15,MIKE HONDA,D,499593,1,0.983754822
RAYMONDCHUKWU2006CA15,2006,CA,RAYMOND,CHUKWU,15,RAYMOND LEMMY CHUKWU,R,8250,0,0.016245178
ZOELOFGREN2006CA16,2006,CA,ZOE,LOFGREN,16,ZOE LOFGREN,D,464504,1,1
SAMFARR2006CA17,2006,CA,SAM,FARR,17,SAM FARR,D,457529,1,1
DENNISCARDOZA2006CA18,2006,CA,DENNIS,CARDOZA,18,DENNIS CARDOZA,D,636954,1,0.912405601
JOHNKANNO2006CA18,2006,CA,JOHN,KANNO,18,JOHN KANNO,R,61150,0,0.087594399
TCOX2006CA19,2006,CA,T,COX,19,T J COX,D,158244,0,0.193950952
GEORGERADANOVICH2006CA19,2006,CA,GEORGE,RADANOVICH,19,GEORGE RADANOVICH,R,657653,1,0.806049048
WALLYHERGER2006CA2,2006,CA,WALLY,HERGER,2,WALLY HERGER,R,393512,1,0.722548139
ASEKHON2006CA2,2006,CA,A,SEKHON,2,A J SEKHON,D,151105,0,0.277451861
JIMCOSTA2006CA20,2006,CA,JIM,COSTA,20,JIM COSTA,D,615735,1,1
DEVINNUNES2006CA21,2006,CA,DEVIN,NUNES,21,DEVIN NUNES,R,822943,1,0.991048633
KEVINMCCARTHY2006CA22,2006,CA,KEVIN,MCCARTHY,22,KEVIN MCCARTHY,R,718094,1,0.990318764
SHARONBEERY2006CA22,2006,CA,SHARON,BEERY,22,SHARON BEERY,D,7020,0,0.009681236
VICTORTOGNAZZINI2006CA23,2006,CA,VICTOR,TOGNAZZINI,23,VICTOR D TOGNAZZINI,R,21250,0,0.03915232
LOISCAPPS2006CA23,2006,CA,LOIS,CAPPS,23,LOIS CAPPS,D,521502,1,0.96084768
ELTONGALLEGLY2006CA24,2006,CA,ELTON,GALLEGLY,24,ELTON GALLEGLY,R,300723,1,0.860078479
JILLMARTINEZ2006CA24,2006,CA,JILL,MARTINEZ,24,JILL MARIE MARTINEZ,D,48923,0,0.139921521
ROBERTORODRIGUEZ2006CA25,2006,CA,ROBERTO,RODRIGUEZ,25,ROBERTO J RODRIGUEZ,D,68276,0,0.096066502
BUCKMCKEON2006CA25,2006,CA,BUCK,MCKEON,25,BUCK MCKEON,R,642440,1,0.903933498
DAVIDDREIER2006CA26,2006,CA,DAVID,DREIER,26,DAVID DREIER,R,1361550,1,0.996694886
BRADSHERMAN2006CA27,2006,CA,BRAD,SHERMAN,27,BRAD SHERMAN,D,813796,1,0.963704014
PETERHANKWITZ2006CA27,2006,CA,PETER,HANKWITZ,27,PETER CHRISTOPHER HANKWITZ,R,30650,0,0.036295986
HOWARDBERMAN2006CA28,2006,CA,HOWARD,BERMAN,28,HOWARD L BERMAN,D,676775,1,0.998046011
BYRONDELEAR2006CA28,2006,CA,BYRON,DELEAR,28,BYRON WALKER DELEAR,I,1325,0,0.001953989
ADAMSCHIFF2006CA29,2006,CA,ADAM,SCHIFF,29,ADAM SCHIFF,D,680498,1,0.970936039
WILLIAMPAPARIAN2006CA29,2006,CA,WILLIAM,PAPARIAN,29,WILLIAM M PAPARIAN,I,19370,0,0.027637158
DANLUNGREN2006CA3,2006,CA,DAN,LUNGREN,3,DAN LUNGREN,R,671913,1,0.878372761
BILLDURSTON2006CA3,2006,CA,BILL,DURSTON,3,BILL DURSTON,D,91039,0,0.119012696
HENRYWAXMAN2006CA30,2006,CA,HENRY,WAXMAN,30,HENRY WAXMAN,D,537625,1,0.981108696
DAVIDJONES2006CA30,2006,CA,DAVID,JONES,30,DAVID NELSON JONES,R,10352,0,0.018891304
XAVIERBECERRA2006CA31,2006,CA,XAVIER,BECERRA,31,XAVIER BECERRA,D,592292,1,1
HILDASOLIS2006CA32,2006,CA,HILDA,SOLIS,32,HILDA L SOLIS,D,539649,1,1
DIANEWATSON2006CA33,2006,CA,DIANE,WATSON,33,DIANE E WATSON,D,117900,1,1
LUCILLEROYBALALLARD2006CA34,2006,CA,LUCILLE,ROYBALALLARD,34,LUCILLE ROYBALALLARD,D,422393,1,1
MAXINEWATERS2006CA35,2006,CA,MAXINE,WATERS,35,MAXINE WATERS,D,314785,1,1
JANEHARMAN2006CA36,2006,CA,JANE,HARMAN,36,JANE HARMAN,D,631448,1,0.990199122
JUANITAMILLENDERMCDONALD2006CA37,2006,CA,JUANITA,MILLENDERMCDONALD,37,JUANITA MILLENDERMCDONALD,D,256515,1,1
GRACENAPOLITANO2006CA38,2006,CA,GRACE,NAPOLITANO,38,GRACE NAPOLITANO,D,235960,1,0.997885477
LINDASANCHEZ2006CA39,2006,CA,LINDA,SANCHEZ,39,LINDA SANCHEZ,D,374360,1,0.988644166
JOHNDOOLITTLE2006CA4,2006,CA,JOHN,DOOLITTLE,4,JOHN T DOOLITTLE,R,1360739,1,0.60230851
CHARLESBROWN2006CA4,2006,CA,CHARLES,BROWN,4,CHARLES D BROWN,D,898467,0,0.39769149
EDROYCE2006CA40,2006,CA,ED,ROYCE,40,ED ROYCE,R,942480,1,0.921393
FLORICEHOFFMAN2006CA40,2006,CA,FLORICE,HOFFMAN,40,FLORICE HOFFMAN,D,80406,0,0.078607
JERRYLEWIS2006CA41,2006,CA,JERRY,LEWIS,41,JERRY LEWIS,R,861867,1,1
GARYMILLER2006CA42,2006,CA,GARY,MILLER,42,GARY MILLER,R,464745,1,1
JOEBACA2006CA43,2006,CA,JOE,BACA,43,JOE BACA,D,449063,1,0.99468395
SCOTTFOLKENS2006CA43,2006,CA,SCOTT,FOLKENS,43,SCOTT FOLKENS,R,2400,0,0.00531605
KENCALVERT2006CA44,2006,CA,KEN,CALVERT,44,KEN CALVERT,R,559643,1,0.994668022
LOUISVANDENBERG2006CA44,2006,CA,LOUIS,VANDENBERG,44,LOUIS VANDENBERG,D,3000,0,0.005331978
MARYMACK2006CA45,2006,CA,MARY,MACK,45,MARY BONO MACK,R,716867,1,0.627083669
DANAROHRABACHER2006CA46,2006,CA,DANA,ROHRABACHER,46,DANA ROHRABACHER,R,190289,1,0.864796695
JIMBRANDT2006CA46,2006,CA,JIM,BRANDT,46,JIM BRANDT,D,29750,0,0.135203305
TANNGUYEN2006CA47,2006,CA,TAN,NGUYEN,47,TAN NGUYEN,R,45600,0,0.056091666
LORETTASANCHEZ2006CA47,2006,CA,LORETTA,SANCHEZ,47,LORETTA SANCHEZ,D,767355,1,0.943908334
JOHNCAMPBELL2006CA48,2006,CA,JOHN,CAMPBELL,48,JOHN CAMPBELL,R,1300520,1,0.901163214
STEVEYOUNG2006CA48,2006,CA,STEVE,YOUNG,48,STEVE YOUNG,D,142637,0,0.098836786
DARRELLISSA2006CA49,2006,CA,DARRELL,ISSA,49,DARRELL ISSA,R,528835,1,0.922572215
JEENICRISCENZO2006CA49,2006,CA,JEENI,CRISCENZO,49,JEENI CRISCENZO,D,44383,0,0.077427785
JEFFREYKRAVITZ2006CA5,2006,CA,JEFFREY,KRAVITZ,5,JEFFREY S KRAVITZ,I,2800,0,0.002301606
DORISMATSUI2006CA5,2006,CA,DORIS,MATSUI,5,DORIS O MATSUI,D,1213742,1,0.997698394
BRIANBILBRAY2006CA50,2006,CA,BRIAN,BILBRAY,50,BRIAN P BILBRAY,R,1526342,1,0.426679078
BOBFILNER2006CA51,2006,CA,BOB,FILNER,51,BOB FILNER,D,976793,1,0.997752793
BLAKEMILES2006CA51,2006,CA,BLAKE,MILES,51,BLAKE LINDEN MILES,R,2200,0,0.002247207
JOHNRINALDI2006CA52,2006,CA,JOHN,RINALDI,52,JOHN A RINALDI,D,39765,0,0.054046524
DUNCANHUNTER2006CA52,2006,CA,DUNCAN,HUNTER,52,DUNCAN HUNTER,R,695990,1,0.945953476
SUSANDAVIS2006CA53,2006,CA,SUSAN,DAVIS,53,SUSAN A DAVIS,D,215224,1,0.929195593
JOHNWOODRUM2006CA53,2006,CA,JOHN,WOODRUM,53,JOHN WOODRUM,R,16400,0,0.070804407
LYNNWOOLSEY2006CA6,2006,CA,LYNN,WOOLSEY,6,LYNN WOOLSEY,D,778144,1,0.997116841
GEORGEMILLER2006CA7,2006,CA,GEORGE,MILLER,7,GEORGE MILLER,D,545642,1,1
NANCYPELOSI2006CA8,2006,CA,NANCY,PELOSI,8,NANCY PELOSI,D,1171350,1,0.961699507
MICHAELDENUNZIO2006CA8,2006,CA,MICHAEL,DENUNZIO,8,MICHAEL A DENUNZIO,R,37150,0,0.030500821
JOHNDENDULK2006CA9,2006,CA,JOHN,DENDULK,9,JOHN DENDULK,R,2399,0,0.004742419
TODDCHRETIEN2006CAS,2006,CA,TODD,CHRETIEN,S,TODD CHRETIEN,I,3982,0,0.000869295
DIANADEGETTE2006CO1,2006,CO,DIANA,DEGETTE,1,DIANA DEGETTE,D,449030,1,1
MARKUDALL2006CO2,2006,CO,MARK,UDALL,2,MARK UDALL,D,719163,1,0.990769608
RICHMANCUSO2006CO2,2006,CO,RICH,MANCUSO,2,RICH MANCUSO,R,6700,0,0.009230392
SCOTTTIPTON2006CO3,2006,CO,SCOTT,TIPTON,3,SCOTT TIPTON,R,411794,0,0.263974743
JOHNSALAZAR2006CO3,2006,CO,JOHN,SALAZAR,3,JOHN SALAZAR,D,1148181,1,0.736025257
MARILYNMUSGRAVE2006CO4,2006,CO,MARILYN,MUSGRAVE,4,MARILYN MUSGRAVE,R,1445641,1,0.589049915
ANGIEPACCIONE2006CO4,2006,CO,ANGIE,PACCIONE,4,ANGIE PACCIONE,D,989250,0,0.403085986
DOUGLASLAMBORN2006CO5,2006,CO,DOUGLAS,LAMBORN,5,DOUGLAS L LAMBORN,R,589260,1,0.662069059
JAYFAWCETT2006CO5,2006,CO,JAY,FAWCETT,5,JAY FAWCETT,D,300768,0,0.337930941
BILLWINTER2006CO6,2006,CO,BILL,WINTER,6,BILL WINTER,D,380152,0,0.455523895
TOMTANCREDO2006CO6,2006,CO,TOM,TANCREDO,6,TOM TANCREDO,R,454386,1,0.544476105
RICKODONNELL2006CO7,2006,CO,RICK,ODONNELL,7,RICK ODONNELL,R,1665693,0,0.471871181
JOHNLARSON2006CT1,2006,CT,JOHN,LARSON,1,JOHN B LARSON,D,684307,1,1
JOECOURTNEY2006CT2,2006,CT,JOE,COURTNEY,2,JOE COURTNEY,D,1399699,1,0.428962218
ROSADELAURO2006CT3,2006,CT,ROSA,DELAURO,3,ROSA L DELAURO,D,559404,1,1
CHRISTOPHERMURPHY2006CT5,2006,CT,CHRISTOPHER,MURPHY,5,CHRISTOPHER S MURPHY,D,1627106,1,0.357322762
ALANSCHLESINGER2006CTS,2006,CT,ALAN,SCHLESINGER,S,ALAN SCHLESINGER,R,57571,0,0.00412949
RALPHFERRUCCI2006CTS,2006,CT,RALPH,FERRUCCI,S,RALPH FERRUCCI,I,900,0,6.46E-05
MICHAELBERG2006DE1,2006,DE,MICHAEL,BERG,1,MICHAEL BERG,I,13601,0,0.012857988
MICHAELCASTLE2006DE1,2006,DE,MICHAEL,CASTLE,1,MICHAEL N CASTLE,R,863068,1,0.815919288
DENNISSPIVACK2006DE1,2006,DE,DENNIS,SPIVACK,1,DENNIS SPIVACK,D,181117,0,0.171222724
JANTING2006DES,2006,DE,JAN,TING,S,JAN TING,R,126600,0,0.041058731
JOEROBERTS2006FL1,2006,FL,JOE,ROBERTS,1,JOE ROBERTS,D,42317,0,0.177809992
JEFFMILLER2006FL1,2006,FL,JEFF,MILLER,1,JEFF MILLER,R,195673,1,0.822190008
SAMMSIMPSON2006FL10,2006,FL,SAMM,SIMPSON,10,SAMM SIMPSON,D,17077,0,0.034670521
CYOUNG2006FL10,2006,FL,C,YOUNG,10,C W BILL YOUNG,R,475474,1,0.965329479
KATHYCASTOR2006FL11,2006,FL,KATHY,CASTOR,11,KATHY CASTOR,D,756344,1,0.991154432
JOSEPHVISCUSI2006FL12,2006,FL,JOSEPH,VISCUSI,12,JOSEPH A VISCUSI,I,8950,0,0.013567143
ADAMPUTNAM2006FL12,2006,FL,ADAM,PUTNAM,12,ADAM H PUTNAM,R,649232,1,0.984159034
VERNONBUCHANAN2006FL13,2006,FL,VERNON,BUCHANAN,13,VERNON BUCHANAN,R,1571243,1,0.467354493
ROBERTNEELD2006FL14,2006,FL,ROBERT,NEELD,14,ROBERT M NEELD JR,D,6300,0,0.009600951
CONNIEMACK2006FL14,2006,FL,CONNIE,MACK,14,CONNIE MACK,R,649885,1,0.990399049
BOBBOWMAN2006FL15,2006,FL,BOB,BOWMAN,15,BOB BOWMAN,D,47785,0,0.095929159
DAVEWELDON2006FL15,2006,FL,DAVE,WELDON,15,DAVE WELDON,R,450343,1,0.904070841
JOENEGRON2006FL16,2006,FL,JOE,NEGRON,16,JOE NEGRON,R,525357,0,0.291116991
TIMMAHONEY2006FL16,2006,FL,TIM,MAHONEY,16,TIM MAHONEY,D,1279268,1,0.708883009
KENDRICKMEEK2006FL17,2006,FL,KENDRICK,MEEK,17,KENDRICK B MEEK,D,604114,1,1
DAVIDPATLAK2006FL18,2006,FL,DAVID,PATLAK,18,DAVID PATLAK,D,37136,0,0.056316754
ILEANAROSLEHTINEN2006FL18,2006,FL,ILEANA,ROSLEHTINEN,18,ILEANA ROSLEHTINEN,R,622277,1,0.943683246
LINCOLNDIAZBALART2006FL21,2006,FL,LINCOLN,DIAZBALART,21,LINCOLN DIAZBALART,R,488750,1,0.97912731
FRANKGONZALEZ2006FL21,2006,FL,FRANK,GONZALEZ,21,FRANK GONZALEZ,D,10419,0,0.02087269
TOMFEENEY2006FL24,2006,FL,TOM,FEENEY,24,TOM FEENEY,R,839483,1,0.946375124
CLINTCURTIS2006FL24,2006,FL,CLINT,CURTIS,24,CLINT CURTIS,D,47568,0,0.053624876
MARIODIAZBALART2006FL25,2006,FL,MARIO,DIAZBALART,25,MARIO DIAZBALART,R,420168,1,0.962963642
MICHAELCALDERIN2006FL25,2006,FL,MICHAEL,CALDERIN,25,MICHAEL CALDERIN,D,16160,0,0.037036358
BOBHARMS2006FL4,2006,FL,BOB,HARMS,4,BOB HARMS,D,8350,0,0.01988924
ANDERCRENSHAW2006FL4,2006,FL,ANDER,CRENSHAW,4,ANDER CRENSHAW,R,411475,1,0.98011076
JOHNRUSSELL2006FL5,2006,FL,JOHN,RUSSELL,5,JOHN TIMOTHY RUSSELL,D,38282,0,0.074699646
GINNYBROWNWAITE2006FL5,2006,FL,GINNY,BROWNWAITE,5,GINNY BROWNWAITE,R,474197,1,0.925300354
DAVIDBRUDERLY2006FL6,2006,FL,DAVID,BRUDERLY,6,DAVID E BRUDERLY,D,63826,0,0.122129079
CLIFFSTEARNS2006FL6,2006,FL,CLIFF,STEARNS,6,CLIFF STEARNS,R,458785,1,0.877870921
JOHNMICA2006FL7,2006,FL,JOHN,MICA,7,JOHN L MICA,R,509636,1,0.994147894
CHARLIESTUART2006FL8,2006,FL,CHARLIE,STUART,8,CHARLIE STUART,D,611843,0,0.430820438
RICKELLER2006FL8,2006,FL,RIC,KELLER,8,RIC KELLER,R,808338,1,0.569179562
GUSBILIRAKIS2006FL9,2006,FL,GUS,BILIRAKIS,9,GUS BILIRAKIS,R,1471724,1,0.626938891
PHYLLISBUSANSKY2006FL9,2006,FL,PHYLLIS,BUSANSKY,9,PHYLLIS H BUSANSKY,D,875752,0,0.373061109
BRIANMOORE2006FLS,2006,FL,BRIAN,MOORE,S,BRIAN P MOORE,I,5650,0,0.000502678
JACKKINGSTON2006GA1,2006,GA,JACK,KINGSTON,1,JACK KINGSTON,R,639973,1,0.926506143
JIMNELSON2006GA1,2006,GA,JIM,NELSON,1,JIM NELSON,D,50765,0,0.073493857
CHARLESNORWOOD2006GA10,2006,GA,CHARLES,NORWOOD,10,CHARLES W NORWOOD,R,891595,1,0.990721655
TERRYHOLLEY2006GA10,2006,GA,TERRY,HOLLEY,10,TERRY HOLLEY,D,8350,0,0.009278345
PHILGINGREY2006GA11,2006,GA,PHIL,GINGREY,11,PHIL GINGREY,R,850068,1,0.996483282
MAXBURNS2006GA12,2006,GA,MAX,BURNS,12,MAX BURNS,R,1228855,0,0.410314226
DEBORAHHONEYCUTT2006GA13,2006,GA,DEBORAH,HONEYCUTT,13,DEBORAH TRAVIS HONEYCUTT,R,182052,0,0.202171501
DAVIDSCOTT2006GA13,2006,GA,DAVID,SCOTT,13,DAVID SCOTT,D,718431,1,0.797828499
SANFORDBISHOP2006GA2,2006,GA,SANFORD,BISHOP,2,SANFORD BISHOP,D,488867,1,0.978189836
BRADLEYHUGHES2006GA2,2006,GA,BRADLEY,HUGHES,2,BRADLEY CURTIS HUGHES,R,10900,0,0.021810164
LYNNWESTMORELAND2006GA3,2006,GA,LYNN,WESTMORELAND,3,LYNN A WESTMORELAND,R,688957,1,0.935640485
MICHAELMCGRAW2006GA3,2006,GA,MICHAEL,MCGRAW,3,MICHAEL EDWARD MCGRAW,D,47391,0,0.064359515
CATHERINEDAVIS2006GA4,2006,GA,CATHERINE,DAVIS,4,CATHERINE DAVIS,R,50710,0,0.101120884
HANKJOHNSON2006GA4,2006,GA,HANK,JOHNSON,4,HANK JOHNSON,D,450769,1,0.898879116
JOHNLEWIS2006GA5,2006,GA,JOHN,LEWIS,5,JOHN LEWIS,D,458900,1,1
TOMPRICE2006GA6,2006,GA,TOM,PRICE,6,TOM PRICE,R,1259713,1,0.948705513
STEVESINTON2006GA6,2006,GA,STEVE,SINTON,6,STEVE SINTON,D,68110,0,0.051294487
JOHNLINDER2006GA7,2006,GA,JOHN,LINDER,7,JOHN LINDER,R,461732,1,0.978490385
ALLANBURNS2006GA7,2006,GA,ALLAN,BURNS,7,ALLAN BURNS,D,10150,0,0.021509615
JIMMARSHALL2006GA8,2006,GA,JIM,MARSHALL,8,JIM MARSHALL,D,1220799,1,0.520573057
MACCOLLINS2006GA8,2006,GA,MAC,COLLINS,8,MAC COLLINS,R,1124307,0,0.479426943
NATHANDEAL2006GA9,2006,GA,NATHAN,DEAL,9,NATHAN DEAL,R,953558,1,0.997906982
NEILABERCROMBIE2006HI1,2006,HI,NEIL,ABERCROMBIE,1,NEIL ABERCROMBIE,D,748539,1,0.999332478
BOBHOGUE2006HI2,2006,HI,BOB,HOGUE,2,BOB C HOGUE,R,109960,0,0.119815417
MAZIEHIRONO2006HI2,2006,HI,MAZIE,HIRONO,2,MAZIE K HIRONO,D,807785,1,0.880184583
DANIELAKAKA2006HIS,2006,HI,DANIEL,AKAKA,S,DANIEL K AKAKA,D,1399993,1,1
MIKEWHALEN2006IA1,2006,IA,MIKE,WHALEN,1,MIKE WHALEN,R,1016386,0,0.352008318
JIMLEACH2006IA2,2006,IA,JIM,LEACH,2,JIM LEACH,R,215486,0,0.433794265
DAVIDLOEBSACK2006IA2,2006,IA,DAVID,LOEBSACK,2,DAVID LOEBSACK,D,281261,1,0.566205735
JEFFREYLAMBERTI2006IA3,2006,IA,JEFFREY,LAMBERTI,3,JEFFREY LAMBERTI,R,1063653,0,0.434634598
LEONARDBOSWELL2006IA3,2006,IA,LEONARD,BOSWELL,3,LEONARD BOSWELL,D,1383582,1,0.565365402
SELDENSPENCER2006IA4,2006,IA,SELDEN,SPENCER,4,SELDEN SPENCER,D,186180,0,0.229603823
TOMLATHAM2006IA4,2006,IA,TOM,LATHAM,4,TOM LATHAM,R,624695,1,0.770396177
JOYCESCHULTE2006IA5,2006,IA,JOYCE,SCHULTE,5,JOYCE SCHULTE,D,18664,0,0.052472954
STEVENKING2006IA5,2006,IA,STEVEN,KING,5,STEVEN A KING,R,326474,1,0.91786622
ROYNIELSEN2006IA5,2006,IA,ROY,NIELSEN,5,ROY NIELSEN,I,10550,0,0.029660826
BILLSALI2006ID1,2006,ID,BILL,SALI,1,BILL SALI,R,773331,1,0.716659701
LARRYGRANT2006ID1,2006,ID,LARRY,GRANT,1,LARRY L GRANT,D,301196,0,0.279123733
MIKESIMPSON2006ID2,2006,ID,MIKE,SIMPSON,2,MIKE SIMPSON,R,366799,1,0.999727445
BOBBYRUSH2006IL1,2006,IL,BOBBY,RUSH,1,BOBBY L RUSH,D,444318,1,1
DANSEALS2006IL10,2006,IL,DAN,SEALS,10,DAN SEALS,D,1083215,0,0.34403079
JERRYWELLER2006IL11,2006,IL,JERRY,WELLER,11,JERRY WELLER,R,1081557,1,0.747257781
JOHNPAVICH2006IL11,2006,IL,JOHN,PAVICH,11,JOHN JUSTIN PAVICH,D,365811,0,0.252742219
JERRYCOSTELLO2006IL12,2006,IL,JERRY,COSTELLO,12,JERRY F COSTELLO,D,710709,1,1
JUDYBIGGERT2006IL13,2006,IL,JUDY,BIGGERT,13,JUDY BIGGERT,R,585048,1,0.795049085
JOSEPHSHANNON2006IL13,2006,IL,JOSEPH,SHANNON,13,JOSEPH SHANNON,D,150816,0,0.204950915
JOHNLAESCH2006IL14,2006,IL,JOHN,LAESCH,14,JOHN LAESCH,D,127153,0,0.042144447
DAVIDGILL2006IL15,2006,IL,DAVID,GILL,15,DAVID GILL,D,74321,0,0.247036729
TIMOTHYJOHNSON2006IL15,2006,IL,TIMOTHY,JOHNSON,15,TIMOTHY JOHNSON,R,226529,1,0.752963271
DONMANZULLO2006IL16,2006,IL,DON,MANZULLO,16,DON MANZULLO,R,668240,1,0.929147369
RICHARDAUMAN2006IL16,2006,IL,RICHARD,AUMAN,16,RICHARD D AUMAN,D,50957,0,0.070852631
ANDREAZINGA2006IL17,2006,IL,ANDREA,ZINGA,17,ANDREA LANE ZINGA,R,223318,0,0.26836074
RAYLAHOOD2006IL18,2006,IL,RAY,LAHOOD,18,RAY LAHOOD,R,602635,1,0.999336689
DANNYSTOVER2006IL19,2006,IL,DANNY,STOVER,19,DANNY LEROY STOVER,D,42647,0,0.059680543
JOHNSHIMKUS2006IL19,2006,IL,JOHN,SHIMKUS,19,JOHN M SHIMKUS,R,671941,1,0.940319457
JESSEJACKSON2006IL2,2006,IL,JESSE,JACKSON,2,JESSE JACKSON JR,D,694115,1,1
DANIELLIPINSKI2006IL3,2006,IL,DANIEL,LIPINSKI,3,DANIEL LIPINSKI,D,258471,1,1
LUISGUTIERREZ2006IL4,2006,IL,LUIS,GUTIERREZ,4,LUIS V GUTIERREZ,D,135750,1,1
KEVINWHITE2006IL5,2006,IL,KEVIN,WHITE,5,KEVIN EDWARD WHITE,R,30800,0,0.031426327
RAHMEMANUEL2006IL5,2006,IL,RAHM,EMANUEL,5,RAHM EMANUEL,D,949270,1,0.968573673
DANNYDAVIS2006IL7,2006,IL,DANNY,DAVIS,7,DANNY K DAVIS,D,325735,1,1
DAVIDMCSWEENEY2006IL8,2006,IL,DAVID,MCSWEENEY,8,DAVID MCSWEENEY,R,1501038,0,0.324917371
JANSCHAKOWSKY2006IL9,2006,IL,JAN,SCHAKOWSKY,9,JAN SCHAKOWSKY,D,672300,1,1
PETEVISCLOSKY2006IN1,2006,IN,PETE,VISCLOSKY,1,PETE VISCLOSKY,D,853501,1,0.999707175
JOEDONNELLY2006IN2,2006,IN,JOE,DONNELLY,2,JOE DONNELLY,D,951353,1,0.340077184
MARKSOUDER2006IN3,2006,IN,MARK,SOUDER,3,MARK E SOUDER,R,389466,1,0.57713715
TOMHAYHURST2006IN3,2006,IN,TOM,HAYHURST,3,TOM HAYHURST,D,285358,0,0.42286285
STEVEBUYER2006IN4,2006,IN,STEVE,BUYER,4,STEVE BUYER,R,500466,1,0.970768288
DAVIDSANDERS2006IN4,2006,IN,DAVID,SANDERS,4,DAVID SANDERS,D,15070,0,0.029231712
DANBURTON2006IN5,2006,IN,DAN,BURTON,5,DAN BURTON,R,278676,1,0.971182631
MIKEPENCE2006IN6,2006,IN,MIKE,PENCE,6,MIKE PENCE,R,848127,1,0.976736874
BARRYWELSH2006IN6,2006,IN,BARRY,WELSH,6,BARRY WELSH,D,20200,0,0.023263126
JULIACARSON2006IN7,2006,IN,JULIA,CARSON,7,JULIA CARSON,D,297766,1,0.902961494
ERICDICKERSON2006IN7,2006,IN,ERIC,DICKERSON,7,ERIC DICKERSON,R,32000,0,0.097038506
JOHNHOSTETTLER2006IN8,2006,IN,JOHN,HOSTETTLER,8,JOHN HOSTETTLER,R,300278,0,0.203340087
BRADELLSWORTH2006IN8,2006,IN,BRAD,ELLSWORTH,8,BRAD ELLSWORTH,D,1176450,1,0.796659913
ERICSCHANSBERG2006IN9,2006,IN,ERIC,SCHANSBERG,9,ERIC SCHANSBERG,I,15420,0,0.005573945
MICHAELSODREL2006IN9,2006,IN,MICHAEL,SODREL,9,MICHAEL E SODREL,R,1535617,0,0.555087164
BARONHILL2006IN9,2006,IN,BARON,HILL,9,BARON HILL,D,1215406,1,0.439338891
JERRYMORAN2006KS1,2006,KS,JERRY,MORAN,1,JERRY MORAN,R,621218,1,0.962877886
JOHNDOLL2006KS1,2006,KS,JOHN,DOLL,1,JOHN G DOLL,D,23950,0,0.037122114
NANCYBOYDA2006KS2,2006,KS,NANCY,BOYDA,2,NANCY E BOYDA,D,341428,1,0.341962487
JIMRYUN2006KS2,2006,KS,JIM,RYUN,2,JIM RYUN,R,657009,0,0.658037513
CHUCKAHNER2006KS3,2006,KS,CHUCK,AHNER,3,CHUCK AHNER,R,126605,0,0.095210771
TODDTIAHRT2006KS4,2006,KS,TODD,TIAHRT,4,TODD TIAHRT,R,626125,1,0.989271861
GARTHMCGINN2006KS4,2006,KS,GARTH,MCGINN,4,GARTH JAMES MCGINN,D,6790,0,0.010728139
EDWHITFIELD2006KY1,2006,KY,ED,WHITFIELD,1,ED WHITFIELD,R,683333,1,0.919901243
TOMBARLOW2006KY1,2006,KY,TOM,BARLOW,1,TOM BARLOW,D,59500,0,0.080098757
RONLEWIS2006KY2,2006,KY,RON,LEWIS,2,RON LEWIS,R,1005448,1,0.639808385
JOHNWEAVER2006KY2,2006,KY,JOHN,WEAVER,2,JOHN MICHAEL WEAVER,D,566035,0,0.360191615
JOHNYARMUTH2006KY3,2006,KY,JOHN,YARMUTH,3,JOHN A YARMUTH,D,873526,1,0.315435931
KENLUCAS2006KY4,2006,KY,KEN,LUCAS,4,KEN LUCAS,D,990701,0,0.332279957
HALROGERS2006KY5,2006,KY,HAL,ROGERS,5,HAL ROGERS,R,627828,1,0.999363288
BENCHANDLER2006KY6,2006,KY,BEN,CHANDLER,6,BEN CHANDLER,D,619450,1,1
STACEYTALLITSCH2006LA1,2006,LA,STACEY,TALLITSCH,1,STACEY TALLITSCH,D,14306,0,0.009737352
BOBBYJINDAL2006LA1,2006,LA,BOBBY,JINDAL,1,BOBBY JINDAL,R,1441632,1,0.981244061
JOSEPHLAVIGNE2006LA2,2006,LA,JOSEPH,LAVIGNE,2,JOSEPH FRANCIS LAVIGNE,R,213125,0,0.129658347
TROYCARTER2006LA2,2006,LA,TROY,CARTER,2,TROY A CARTER,D,78600,0,0.047817694
KARENCARTER2006LA2,2006,LA,KAREN,CARTER,2,KAREN R CARTER,D,643299,0,0.391362275
DERRICKSHEPHERD2006LA2,2006,LA,DERRICK,SHEPHERD,2,DERRICK SHEPHERD,D,181050,0,0.110144956
WILLIAMJEFFERSON2006LA2,2006,LA,WILLIAM,JEFFERSON,2,WILLIAM J JEFFERSON,D,514699,1,0.3131262
CRAIGROMERO2006LA3,2006,LA,CRAIG,ROMERO,3,CRAIG F ROMERO,R,817760,0,0.349387218
CHARLESMELANCON2006LA3,2006,LA,CHARLES,MELANCON,3,CHARLES MELANCON,D,1520795,1,0.649758284
OLANGEEBREECH2006LA3,2006,LA,OLANGEE,BREECH,3,OLANGEE BREECH,D,2000,0,0.000854498
CHESTERKELLEY2006LA4,2006,LA,CHESTER,KELLEY,4,CHESTER T KELLEY,R,3150,0,0.001650583
ARTISCASH2006LA4,2006,LA,ARTIS,CASH,4,ARTIS CASH,D,900,0,0.000471595
GLORIAHEARN2006LA5,2006,LA,GLORIA,HEARN,5,GLORIA WILLIAMS HEARN,D,3850,0,0.005158479
RODNEYALEXANDER2006LA5,2006,LA,RODNEY,ALEXANDER,5,RODNEY ALEXANDER,R,742494,1,0.994841521
RICHARDBAKER2006LA6,2006,LA,RICHARD,BAKER,6,RICHARD BAKER,R,1101326,1,1
MICHAELSTAGG2006LA7,2006,LA,MICHAEL,STAGG,7,MICHAEL W STAGG,D,37246,0,0.033523877
CHARLESBOUSTANY2006LA7,2006,LA,CHARLES,BOUSTANY,7,CHARLES W BOUSTANY JR,R,1073783,1,0.966476123
JOHNOLVER2006MA1,2006,MA,JOHN,OLVER,1,JOHN W OLVER,D,448782,1,0.979717207
WILLIAMSZYCH2006MA1,2006,MA,WILLIAM,SZYCH,1,WILLIAM HENRY SZYCH,I,9291,0,0.020282793
JEFFBEATTY2006MA10,2006,MA,JEFF,BEATTY,10,JEFF BEATTY,R,15728,0,0.030879177
BILLDELAHUNT2006MA10,2006,MA,BILL,DELAHUNT,10,BILL DELAHUNT,D,493312,1,0.968531825
RICHARDNEAL2006MA2,2006,MA,RICHARD,NEAL,2,RICHARD E NEAL,D,426640,1,1
JAMESMCGOVERN2006MA3,2006,MA,JAMES,MCGOVERN,3,JAMES P MCGOVERN,D,368390,1,1
BARNEYFRANK2006MA4,2006,MA,BARNEY,FRANK,4,BARNEY FRANK,D,1187844,1,1
MARTYMEEHAN2006MA5,2006,MA,MARTY,MEEHAN,5,MARTY MEEHAN,D,485020,1,1
JOHNTIERNEY2006MA6,2006,MA,JOHN,TIERNEY,6,JOHN F TIERNEY,D,343800,1,0.930194805
RICHARDBARTON2006MA6,2006,MA,RICHARD,BARTON,6,RICHARD W BARTON,R,25800,0,0.069805195
EDMARKEY2006MA7,2006,MA,ED,MARKEY,7,ED MARKEY,D,616950,1,1
MICHAELCAPUANO2006MA8,2006,MA,MICHAEL,CAPUANO,8,MICHAEL E CAPUANO,D,499093,1,1
STEPHENLYNCH2006MA9,2006,MA,STEPHEN,LYNCH,9,STEPHEN F LYNCH,D,620898,1,0.997589967
JIMCORWIN2006MD1,2006,MD,JIM,CORWIN,1,JIM CORWIN,D,13500,0,0.090111137
WAYNEGILCHREST2006MD1,2006,MD,WAYNE,GILCHREST,1,WAYNE T GILCHREST,R,136315,1,0.909888863
DUTCHRUPPERSBERGER2006MD2,2006,MD,DUTCH,RUPPERSBERGER,2,DUTCH RUPPERSBERGER,D,538290,1,0.999071995
JOHNSARBANES2006MD3,2006,MD,JOHN,SARBANES,3,JOHN SARBANES,D,938941,1,0.983441739
ALBERTWYNN2006MD4,2006,MD,ALBERT,WYNN,4,ALBERT R WYNN,D,557010,1,1
STENYHOYER2006MD5,2006,MD,STENY,HOYER,5,STENY H HOYER,D,1448294,1,0.999516906
STEVENWARNER2006MD5,2006,MD,STEVEN,WARNER,5,STEVEN WARNER,I,700,0,0.000483094
ROBERTKOZAK2006MD6,2006,MD,ROBERT,KOZAK,6,ROBERT E KOZAK,I,2100,0,0.006879111
ANDREWDUCK2006MD6,2006,MD,ANDREW,DUCK,6,ANDREW JAMES DUCK,D,99292,0,0.325257475
ROSCOEBARTLETT2006MD6,2006,MD,ROSCOE,BARTLETT,6,ROSCOE G BARTLETT,R,203880,1,0.667863414
ELIJAHCUMMINGS2006MD7,2006,MD,ELIJAH,CUMMINGS,7,ELIJAH E CUMMINGS,D,559706,1,1
CHRISHOLLEN2006MD8,2006,MD,CHRIS,HOLLEN,8,CHRIS VAN HOLLEN,D,1063807,1,0.986108549
JEFFREYSTEIN2006MD8,2006,MD,JEFFREY,STEIN,8,JEFFREY M STEIN,R,14986,0,0.013891451
KEVINZEESE2006MDS,2006,MD,KEVIN,ZEESE,S,KEVIN ZEESE,I,22661,0,0.002420472
DEXTERKAMILEWICZ2006ME1,2006,ME,DEXTER,KAMILEWICZ,1,DEXTER J KAMILEWICZ,I,18262,0,0.024912556
DARLENECURLEY2006ME1,2006,ME,DARLENE,CURLEY,1,DARLENE J CURLEY,R,71849,0,0.09801458
TOMALLEN2006ME1,2006,ME,TOM,ALLEN,1,TOM H ALLEN,D,642933,1,0.877072863
MIKEMICHAUD2006ME2,2006,ME,MIKE,MICHAUD,2,MIKE MICHAUD,D,472810,1,0.961592044
LAURENCEDAMBOISE2006ME2,2006,ME,LAURENCE,DAMBOISE,2,LAURENCE SCOTT DAMBOISE,R,18885,0,0.038407956
JEANBRIGHT2006MES,2006,ME,JEAN,BRIGHT,S,JEAN HAY BRIGHT,D,46207,0,0.022180386
BARTSTUPAK2006MI1,2006,MI,BART,STUPAK,1,BART STUPAK,D,510545,1,0.998045138
CANDICEMILLER2006MI10,2006,MI,CANDICE,MILLER,10,CANDICE S MILLER,R,482962,1,0.984306916
TONYTRUPIANO2006MI11,2006,MI,TONY,TRUPIANO,11,TONY TRUPIANO,D,76778,0,0.138601457
THADDEUSMCCOTTER2006MI11,2006,MI,THADDEUS,MCCOTTER,11,THADDEUS G MCCOTTER,R,477170,1,0.861398543
SANDERLEVIN2006MI12,2006,MI,SANDER,LEVIN,12,SANDER LEVIN,D,472999,1,1
CAROLYNKILPATRICK2006MI13,2006,MI,CAROLYN,KILPATRICK,13,CAROLYN CHEEKS KILPATRICK,D,358230,1,1
JOHNCONYERS2006MI14,2006,MI,JOHN,CONYERS,14,JOHN CONYERS JR,D,552833,1,1
JOHNDINGELL2006MI15,2006,MI,JOHN,DINGELL,15,JOHN D DINGELL,D,1177781,1,1
PETERHOEKSTRA2006MI2,2006,MI,PETER,HOEKSTRA,2,PETER HOEKSTRA,R,380434,1,0.985748859
VERNONEHLERS2006MI3,2006,MI,VERNON,EHLERS,3,VERNON J EHLERS,R,254470,1,0.965657256
DAVECAMP2006MI4,2006,MI,DAVE,CAMP,4,DAVE CAMP,R,732378,1,0.968248071
MICHAELHUCKLEBERRY2006MI4,2006,MI,MICHAEL,HUCKLEBERRY,4,MICHAEL RAY HUCKLEBERRY,D,24017,0,0.031751929
DALEKILDEE2006MI5,2006,MI,DALE,KILDEE,5,DALE E KILDEE,D,399160,1,0.998124578
FREDUPTON2006MI6,2006,MI,FRED,UPTON,6,FRED UPTON,R,815842,1,0.938678393
KIMCLARK2006MI6,2006,MI,KIM,CLARK,6,KIM L CLARK,D,53297,0,0.061321607
TIMWALBERG2006MI7,2006,MI,TIM,WALBERG,7,TIM WALBERG,R,743857,1,0.962570298
SHARONRENIER2006MI7,2006,MI,SHARON,RENIER,7,SHARON MARIE RENIER,D,28925,0,0.037429702
MIKEROGERS2006MI8,2006,MI,MIKE,ROGERS,8,MIKE ROGERS,R,769486,1,0.738485133
JAMESMARCINKOWSKI2006MI8,2006,MI,JAMES,MARCINKOWSKI,8,JAMES MARCINKOWSKI,D,272493,0,0.261514867
JOEKNOLLENBERG2006MI9,2006,MI,JOE,KNOLLENBERG,9,JOE KNOLLENBERG,R,1535992,1,0.876108688
NANCYSKINNER2006MI9,2006,MI,NANCY,SKINNER,9,NANCY SKINNER,D,217206,0,0.123891312
GILGUTKNECHT2006MN1,2006,MN,GIL,GUTKNECHT,1,GIL GUTKNECHT,R,679102,0,0.505157937
TIMOTHYWALZ2006MN1,2006,MN,TIMOTHY,WALZ,1,TIMOTHY J WALZ,D,665234,1,0.494842063
COLEENROWLEY2006MN2,2006,MN,COLEEN,ROWLEY,2,COLEEN ROWLEY,D,240670,0,0.229627665
JOHNKLINE2006MN2,2006,MN,JOHN,KLINE,2,JOHN KLINE,R,807418,1,0.770372335
WENDYWILDE2006MN3,2006,MN,WENDY,WILDE,3,WENDY WILDE,D,28350,0,0.040549818
JIMRAMSTAD2006MN3,2006,MN,JIM,RAMSTAD,3,JIM RAMSTAD,R,670790,1,0.959450182
OBISIUM2006MN4,2006,MN,OBI,SIUM,4,OBI SIUM,R,28400,0,0.077538005
BETTYMCCOLLUM2006MN4,2006,MN,BETTY,MCCOLLUM,4,BETTY MCCOLLUM,D,337872,1,0.922461995
TAMMYLEE2006MN5,2006,MN,TAMMY,LEE,5,TAMMY LOUISE LEE,I,108388,0,0.176509864
ALANFINE2006MN5,2006,MN,ALAN,FINE,5,ALAN RAYMOND FINE,R,110400,0,0.179786406
JAYPOND2006MN5,2006,MN,JAY,POND,5,JAY POND,I,800,0,0.0013028
KEITHELLISON2006MN5,2006,MN,KEITH,ELLISON,5,KEITH ELLISON,D,394474,1,0.64240093
MICHELEBACHMANN2006MN6,2006,MN,MICHELE,BACHMANN,6,MICHELE BACHMANN,R,1455169,1,0.462736692
JOHNBINKOWSKI2006MN6,2006,MN,JOHN,BINKOWSKI,6,JOHN PAUL BINKOWSKI,I,7125,0,0.002265715
PATTYWETTERLING2006MN6,2006,MN,PATTY,WETTERLING,6,PATTY WETTERLING,D,1682408,0,0.534997593
COLLINPETERSON2006MN7,2006,MN,COLLIN,PETERSON,7,COLLIN PETERSON,D,677367,1,0.977276564
MIKEBARRETT2006MN7,2006,MN,MIKE,BARRETT,7,MIKE BARRETT,R,15750,0,0.022723436
HARRYWELTY2006MN8,2006,MN,HARRY,WELTY,8,HARRY ROBB WELTY,I,4500,0,0.003568163
JAMESOBERSTAR2006MN8,2006,MN,JAMES,OBERSTAR,8,JAMES L OBERSTAR,D,1005907,1,0.797609013
RODGRAMS2006MN8,2006,MN,ROD,GRAMS,8,ROD GRAMS,R,250746,0,0.198822823
ROBERTFITZGERALD2006MNS,2006,MN,ROBERT,FITZGERALD,S,ROBERT MAXWELL FITZGERALD,I,300,0,3.36E-05
MICHAELCAVLAN2006MNS,2006,MN,MICHAEL,CAVLAN,S,MICHAEL JAMES CAVLAN,I,2900,0,0.000325108
WILLIAMCLAY2006MO1,2006,MO,WILLIAM,CLAY,1,WILLIAM L CLAY JR,D,307529,1,0.924818587
MARKBYRNE2006MO1,2006,MO,MARK,BYRNE,1,MARK BYRNE,R,25000,0,0.075181413
TODDAKIN2006MO2,2006,MO,TODD,AKIN,2,TODD AKIN,R,543493,1,1
RUSSCARNAHAN2006MO3,2006,MO,RUSS,CARNAHAN,3,RUSS CARNAHAN,D,854535,1,0.997956288
DAVIDBERTELSEN2006MO3,2006,MO,DAVID,BERTELSEN,3,DAVID BERTELSEN,R,1750,0,0.002043712
IKESKELTON2006MO4,2006,MO,IKE,SKELTON,4,IKE SKELTON,D,676311,1,0.995583761
JAMESNOLAND2006MO4,2006,MO,JAMES,NOLAND,4,JAMES A NOLAND JR,R,3000,0,0.004416239
EMANUELCLEAVER2006MO5,2006,MO,EMANUEL,CLEAVER,5,EMANUEL CLEAVER,D,421336,1,0.975459327
JACOBTURK2006MO5,2006,MO,JACOB,TURK,5,JACOB TURK,R,10600,0,0.024540673
SAMGRAVES2006MO6,2006,MO,SAM,GRAVES,6,SAM GRAVES,R,631343,1,0.894135758
SARASHETTLES2006MO6,2006,MO,SARA,SHETTLES,6,SARA JO SHETTLES,D,74750,0,0.105864242
JOEMERSON2006MO8,2006,MO,JO,EMERSON,8,JO ANN EMERSON,R,631663,1,0.961558251
KENNYHULSHOF2006MO9,2006,MO,KENNY,HULSHOF,9,KENNY HULSHOF,R,862797,1,0.926944328
DUANEBURGHARD2006MO9,2006,MO,DUANE,BURGHARD,9,DUANE NEIL BURGHARD,D,68000,0,0.073055672
ROGERWICKER2006MS1,2006,MS,ROGER,WICKER,1,ROGER WICKER,R,463375,1,0.992503347
YVONNEBROWN2006MS2,2006,MS,YVONNE,BROWN,2,YVONNE RAYFORD BROWN,R,67850,0,0.073835312
BENNIETHOMPSON2006MS2,2006,MS,BENNIE,THOMPSON,2,BENNIE G THOMPSON,D,851087,1,0.926164688
CHARLESPICKERING2006MS3,2006,MS,CHARLES,PICKERING,3,CHARLES W CHIP PICKERING JR,R,836282,1,1
GENETAYLOR2006MS4,2006,MS,GENE,TAYLOR,4,GENE TAYLOR,D,296831,1,1
ERIKFLEMING2006MSS,2006,MS,ERIK,FLEMING,S,ERIK FLEMING,D,24588,0,0.013245989
DENNYREHBERG2006MT1,2006,MT,DENNY,REHBERG,1,DENNY REHBERG,R,573114,1,0.70327208
MONICALINDEEN2006MT1,2006,MT,MONICA,LINDEEN,1,MONICA J LINDEEN,D,241811,0,0.29672792
GBUTTERFIELD2006NC1,2006,NC,G,BUTTERFIELD,1,G K BUTTERFIELD,D,248300,1,1
PATRICKMCHENRY2006NC10,2006,NC,PATRICK,MCHENRY,10,PATRICK MCHENRY,R,934397,1,0.987998905
RICHARDCARSNER2006NC10,2006,NC,RICHARD,CARSNER,10,RICHARD CARSNER,D,11350,0,0.012001095
CHARLESTAYLOR2006NC11,2006,NC,CHARLES,TAYLOR,11,CHARLES H TAYLOR,R,863526,0,0.413254568
HEATHSHULER2006NC11,2006,NC,HEATH,SHULER,11,HEATH SHULER,D,1226048,1,0.586745432
ADAFISHER2006NC12,2006,NC,ADA,FISHER,12,ADA M FISHER,R,53787,0,0.118505152
MELVINWATT2006NC12,2006,NC,MELVIN,WATT,12,MELVIN L WATT,D,400092,1,0.881494848
VERNONROBINSON2006NC13,2006,NC,VERNON,ROBINSON,13,VERNON ROBINSON,R,483250,0,0.322772834
BOBETHERIDGE2006NC2,2006,NC,BOB,ETHERIDGE,2,BOB ETHERIDGE,D,527420,1,0.933288505
DANMANSELL2006NC2,2006,NC,DAN,MANSELL,2,DAN MANSELL,R,37700,0,0.066711495
WALTERJONES2006NC3,2006,NC,WALTER,JONES,3,WALTER B JONES JR,R,312040,1,0.998719754
DAVIDPRICE2006NC4,2006,NC,DAVID,PRICE,4,DAVID PRICE,D,515176,1,0.979140969
STEVENACUFF2006NC4,2006,NC,STEVEN,ACUFF,4,STEVEN D ACUFF,R,10975,0,0.020859031
VIRGINIAFOXX2006NC5,2006,NC,VIRGINIA,FOXX,5,VIRGINIA FOXX,R,773820,1,0.926533026
ROGERSHARPE2006NC5,2006,NC,ROGER,SHARPE,5,ROGER DEAN SHARPE,D,61358,0,0.073466974
HOWARDCOBLE2006NC6,2006,NC,HOWARD,COBLE,6,HOWARD COBLE,R,272950,1,0.970281895
RORYBLAKE2006NC6,2006,NC,RORY,BLAKE,6,RORY BLAKE,D,8360,0,0.029718105
MIKEMCINTYRE2006NC7,2006,NC,MIKE,MCINTYRE,7,MIKE MCINTYRE,D,516717,1,0.990511188
ROBINHAYES2006NC8,2006,NC,ROBIN,HAYES,8,ROBIN HAYES,R,1376529,1,0.814997895
LARRYKISSELL2006NC8,2006,NC,LARRY,KISSELL,8,LARRY KISSELL,D,312468,0,0.185002105
SUEMYRICK2006NC9,2006,NC,SUE,MYRICK,9,SUE MYRICK,R,783085,1,0.992522038
BILLGLASS2006NC9,2006,NC,BILL,GLASS,9,BILL GLASS,D,5900,0,0.007477962
EARLPOMEROY2006ND1,2006,ND,EARL,POMEROY,1,EARL POMEROY,D,1096335,1,0.976464249
MATTHEWMECHTEL2006ND1,2006,ND,MATTHEW,MECHTEL,1,MATTHEW ALAN MECHTEL,R,26425,0,0.023535751
DWIGHTGROTBERG2006NDS,2006,ND,DWIGHT,GROTBERG,S,DWIGHT GROTBERG,R,59550,0,0.016026801
JEFFFORTENBERRY2006NE1,2006,NE,JEFF,FORTENBERRY,1,JEFF FORTENBERRY,R,753349,1,0.593742193
MAXINEMOUL2006NE1,2006,NE,MAXINE,MOUL,1,MAXINE B MOUL,D,515466,0,0.406257807
LEETERRY2006NE2,2006,NE,LEE,TERRY,2,LEE TERRY,R,625653,1,0.812084971
JIMESCH2006NE2,2006,NE,JIM,ESCH,2,JIM ESCH,D,144775,0,0.187915029
ADRIANSMITH2006NE3,2006,NE,ADRIAN,SMITH,3,ADRIAN SMITH,R,699262,1,0.554834655
SCOTTKLEEB2006NE3,2006,NE,SCOTT,KLEEB,3,SCOTT KLEEB,D,561045,0,0.445165345
PETERICKETTS2006NES,2006,NE,PETE,RICKETTS,S,PETE RICKETTS,R,971187,0,0.178583026
CAROLSHEAPORTER2006NH1,2006,NH,CAROL,SHEAPORTER,1,CAROL SHEAPORTER,D,168145,1,0.197354445
JEBBRADLEY2006NH1,2006,NH,JEB,BRADLEY,1,JEB BRADLEY,R,683850,0,0.802645555
CHARLESBASS2006NH2,2006,NH,CHARLES,BASS,2,CHARLES BASS,R,793865,0,0.47377219
PAULHODES2006NH2,2006,NH,PAUL,HODES,2,PAUL W HODES,D,881761,1,0.52622781
ROBERTANDREWS2006NJ1,2006,NJ,ROBERT,ANDREWS,1,ROBERT E ANDREWS,D,1256758,1,1
DONALDPAYNE2006NJ10,2006,NJ,DONALD,PAYNE,10,DONALD M PAYNE,D,403300,1,1
RODNEYFRELINGHUYSEN2006NJ11,2006,NJ,RODNEY,FRELINGHUYSEN,11,RODNEY FRELINGHUYSEN,R,677993,1,0.984247522
TOMWYKA2006NJ11,2006,NJ,TOM,WYKA,11,TOM WYKA,D,10851,0,0.015752478
RUSHHOLT2006NJ12,2006,NJ,RUSH,HOLT,12,RUSH HOLT,D,820114,1,0.999744004
ALBIOSIRES2006NJ13,2006,NJ,ALBIO,SIRES,13,ALBIO SIRES,D,1046975,1,1
FRANKLOBIONDO2006NJ2,2006,NJ,FRANK,LOBIONDO,2,FRANK A LOBIONDO,R,869101,1,0.99022988
VIOLATHOMASHUGHES2006NJ2,2006,NJ,VIOLA,THOMASHUGHES,2,VIOLA THOMASHUGHES,D,8075,0,0.009200434
RICHARDSEXTON2006NJ3,2006,NJ,RICHARD,SEXTON,3,RICHARD J SEXTON,D,68075,0,0.085951004
JIMSAXTON2006NJ3,2006,NJ,JIM,SAXTON,3,JIM SAXTON,R,723946,1,0.914048996
CAROLGAY2006NJ4,2006,NJ,CAROL,GAY,4,CAROL E GAY,D,48850,0,0.156201037
CHRISSMITH2006NJ4,2006,NJ,CHRIS,SMITH,4,CHRIS SMITH,R,263888,1,0.843798963
PAULARONSOHN2006NJ5,2006,NJ,PAUL,ARONSOHN,5,PAUL ARONSOHN,D,342569,0,0.350568625
SCOTTGARRETT2006NJ5,2006,NJ,SCOTT,GARRETT,5,SCOTT GARRETT,R,634612,1,0.649431375
LEIGHBELLEW2006NJ6,2006,NJ,LEIGH,BELLEW,6,LEIGH ANN BELLEW,R,7972,0,0.003155142
LINDASTENDER2006NJ7,2006,NJ,LINDA,STENDER,7,LINDA D STENDER,D,1000960,0,0.333049847
BILLPASCRELL2006NJ8,2006,NJ,BILL,PASCRELL,8,BILL PASCRELL JR,D,885477,1,0.981446793
JOSESANDOVAL2006NJ8,2006,NJ,JOSE,SANDOVAL,8,JOSE M SANDOVAL,R,16739,0,0.018553207
VINCENTMICCO2006NJ9,2006,NJ,VINCENT,MICCO,9,VINCENT MICCO,R,20125,0,0.020696833
STEVENROTHMAN2006NJ9,2006,NJ,STEVEN,ROTHMAN,9,STEVEN R ROTHMAN,D,952246,1,0.979303167
ALKISSLING2006NM2,2006,NM,AL,KISSLING,2,AL KISSLING,D,68196,0,0.080290759
STEVEPEARCE2006NM2,2006,NM,STEVE,PEARCE,2,STEVE PEARCE,R,781167,1,0.919709241
RONALDDOLIN2006NM3,2006,NM,RONALD,DOLIN,3,RONALD M DOLIN,R,2000,0,0.006142317
TOMUDALL2006NM3,2006,NM,TOM,UDALL,3,TOM UDALL,D,323610,1,0.993857683
ALLENMCCULLOCH2006NMS,2006,NM,ALLEN,MCCULLOCH,S,ALLEN MCCULLOCH,R,139250,0,0.051361173
SHELLEYBERKLEY2006NV1,2006,NV,SHELLEY,BERKLEY,1,SHELLEY BERKLEY,D,1145419,1,0.987748636
KENWEGNER2006NV1,2006,NV,KEN,WEGNER,1,KEN WEGNER,R,14207,0,0.012251364
DEANHELLER2006NV2,2006,NV,DEAN,HELLER,2,DEAN HELLER,R,967582,1,0.475095563
TESSAHAFEN2006NV3,2006,NV,TESSA,HAFEN,3,TESSA HAFEN,D,1006747,0,0.355267467
ITALOZANZI2006NY1,2006,NY,ITALO,ZANZI,1,ITALO ANDRES ZANZI,R,319136,0,0.267903253
TIMOTHYBISHOP2006NY1,2006,NY,TIMOTHY,BISHOP,1,TIMOTHY H BISHOP,D,872100,1,0.732096747
EDOLPHUSTOWNS2006NY10,2006,NY,EDOLPHUS,TOWNS,10,EDOLPHUS TOWNS,D,850874,1,1
YVETTECLARKE2006NY11,2006,NY,YVETTE,CLARKE,11,YVETTE D CLARKE,D,307047,1,0.985397805
NYDIAVELAZQUEZ2006NY12,2006,NY,NYDIA,VELAZQUEZ,12,NYDIA M VELAZQUEZ,D,470050,1,1
VITOFOSSELLA2006NY13,2006,NY,VITO,FOSSELLA,13,VITO FOSSELLA,R,976737,1,1
CAROLYNMALONEY2006NY14,2006,NY,CAROLYN,MALONEY,14,CAROLYN B MALONEY,D,791510,1,1
CHARLESRANGEL2006NY15,2006,NY,CHARLES,RANGEL,15,CHARLES B RANGEL,D,1348345,1,1
JOSESERRANO2006NY16,2006,NY,JOSE,SERRANO,16,JOSE E SERRANO,D,230075,1,1
ELIOTENGEL2006NY17,2006,NY,ELIOT,ENGEL,17,ELIOT L ENGEL,D,641980,1,0.999221766
RICHARDHOFFMAN2006NY18,2006,NY,RICHARD,HOFFMAN,18,RICHARD A HOFFMAN,R,14115,0,0.015159033
NITALOWEY2006NY18,2006,NY,NITA,LOWEY,18,NITA M LOWEY,D,917013,1,0.984840967
SUEKELLY2006NY19,2006,NY,SUE,KELLY,19,SUE KELLY,R,1487232,0,0.641625739
JOHNHALL2006NY19,2006,NY,JOHN,HALL,19,JOHN HALL,D,830680,1,0.358374261
STEVEISRAEL2006NY2,2006,NY,STEVE,ISRAEL,2,STEVE ISRAEL,D,951870,1,1
JOHNSWEENEY2006NY20,2006,NY,JOHN,SWEENEY,20,JOHN E SWEENEY,R,1648094,0,0.481252095
MICHAELMCNULTY2006NY21,2006,NY,MICHAEL,MCNULTY,21,MICHAEL R MCNULTY,D,321500,1,1
MAURICEHINCHEY2006NY22,2006,NY,MAURICE,HINCHEY,22,MAURICE HINCHEY,D,333523,1,1
JOHNMCHUGH2006NY23,2006,NY,JOHN,MCHUGH,23,JOHN M MCHUGH,R,385834,1,0.903935451
ROBERTJOHNSON2006NY23,2006,NY,ROBERT,JOHNSON,23,ROBERT J JOHNSON,D,41004,0,0.096064549
RAYMONDMEIER2006NY24,2006,NY,RAYMOND,MEIER,24,RAYMOND A MEIER,R,985475,0,0.411276911
JAMESWALSH2006NY25,2006,NY,JAMES,WALSH,25,JAMES T WALSH,R,769312,0,0.570935368
JACKDAVIS2006NY26,2006,NY,JACK,DAVIS,26,JACK DAVIS,D,106299,0,0.041829694
BRIANHIGGINS2006NY27,2006,NY,BRIAN,HIGGINS,27,BRIAN M HIGGINS,D,751517,1,0.996684425
LOUISESLAUGHTER2006NY28,2006,NY,LOUISE,SLAUGHTER,28,LOUISE M SLAUGHTER,D,332514,1,0.945544611
JOHNDONNELLY2006NY28,2006,NY,JOHN,DONNELLY,28,JOHN E DONNELLY,R,19150,0,0.054455389
JOHNKUHL2006NY29,2006,NY,JOHN,KUHL,29,JOHN R KUHL JR,R,916380,0,0.570637909
PETEKING2006NY3,2006,NY,PETE,KING,3,PETE KING,R,789089,1,0.6177378
DAVIDMEJIAS2006NY3,2006,NY,DAVID,MEJIAS,3,DAVID L MEJIAS,D,488296,0,0.3822622
CAROLYNMCCARTHY2006NY4,2006,NY,CAROLYN,MCCARTHY,4,CAROLYN MCCARTHY,D,683609,1,0.973858872
MARTINBLESSINGER2006NY4,2006,NY,MARTIN,BLESSINGER,4,MARTIN W BLESSINGER,R,18350,0,0.026141128
GARYACKERMAN2006NY5,2006,NY,GARY,ACKERMAN,5,GARY ACKERMAN,D,440103,1,1
GREGORYMEEKS2006NY6,2006,NY,GREGORY,MEEKS,6,GREGORY W MEEKS,D,580182,1,1
JOSEPHCROWLEY2006NY7,2006,NY,JOSEPH,CROWLEY,7,JOSEPH CROWLEY,D,1176679,1,1
JERROLDNADLER2006NY8,2006,NY,JERROLD,NADLER,8,JERROLD NADLER,D,539675,1,1
ANTHONYWEINER2006NY9,2006,NY,ANTHONY,WEINER,9,ANTHONY D WEINER,D,292300,1,1
HOWIEHAWKINS2006NYS,2006,NY,HOWIE,HAWKINS,S,HOWIE HAWKINS,I,11447,0,0.000507992
MICHAELDOVILLA2006OH10,2006,OH,MICHAEL,DOVILLA,10,MICHAEL D DOVILLA,R,42800,0,0.130455191
DENNISKUCINICH2006OH10,2006,OH,DENNIS,KUCINICH,10,DENNIS KUCINICH,D,285282,1,0.869544809
STEPHANIEJONES2006OH11,2006,OH,STEPHANIE,JONES,11,STEPHANIE TUBBS JONES,D,480647,1,1
PATRICKTIBERI2006OH12,2006,OH,PATRICK,TIBERI,12,PATRICK J TIBERI,R,1416353,1,0.887810813
BOBSHAMANSKY2006OH12,2006,OH,BOB,SHAMANSKY,12,BOB SHAMANSKY,D,178979,0,0.112189187
CRAIGFOLTIN2006OH13,2006,OH,CRAIG,FOLTIN,13,CRAIG FOLTIN,R,407527,0,0.338764005
LEWISKATZ2006OH14,2006,OH,LEWIS,KATZ,14,LEWIS KATZ,D,132516,0,0.122448527
STEVELATOURETTE2006OH14,2006,OH,STEVE,LATOURETTE,14,STEVE LATOURETTE,R,949202,1,0.877089459
RALPHREGULA2006OH16,2006,OH,RALPH,REGULA,16,RALPH REGULA,R,688809,1,1
TIMRYAN2006OH17,2006,OH,TIM,RYAN,17,TIM RYAN,D,422350,1,1
JOYPADGETT2006OH18,2006,OH,JOY,PADGETT,18,JOY PADGETT,R,536541,0,0.369402584
ZACKNA2006OH18,2006,OH,ZACK,NA,18,ZACK,D,915915,1,0.630597416
JEANSCHMIDT2006OH2,2006,OH,JEAN,SCHMIDT,2,JEAN SCHMIDT,R,1047786,1,0.653516738
VICTORIAWULSIN2006OH2,2006,OH,VICTORIA,WULSIN,2,VICTORIA WELLS WULSIN,D,555518,0,0.346483262
MICHAELTURNER2006OH3,2006,OH,MICHAEL,TURNER,3,MICHAEL R TURNER,R,600365,1,1
JIMJORDAN2006OH4,2006,OH,JIM,JORDAN,4,JIM JORDAN,R,772749,1,0.900735393
RICHARDSIFERD2006OH4,2006,OH,RICHARD,SIFERD,4,RICHARD E SIFERD,D,85160,0,0.099264607
PAULGILLMOR2006OH5,2006,OH,PAUL,GILLMOR,5,PAUL E GILLMOR,R,418650,1,0.91343479
CHARLIEWILSON2006OH6,2006,OH,CHARLIE,WILSON,6,CHARLIE WILSON,D,854510,1,0.552281617
CHUCKBLASDEL2006OH6,2006,OH,CHUCK,BLASDEL,6,CHUCK BLASDEL,R,692726,0,0.447718383
DAVEHOBSON2006OH7,2006,OH,DAVE,HOBSON,7,DAVE HOBSON,R,1176221,1,0.997863819
WILLIAMCONNER2006OH7,2006,OH,WILLIAM,CONNER,7,WILLIAM R CONNER,D,2518,0,0.002136181
MARCYKAPTUR2006OH9,2006,OH,MARCY,KAPTUR,9,MARCY KAPTUR,D,320649,1,1
ALANGENTGES2006OK1,2006,OK,ALAN,GENTGES,1,ALAN GENTGES,D,25150,0,0.038756166
JOHNSULLIVAN2006OK1,2006,OK,JOHN,SULLIVAN,1,JOHN SULLIVAN,R,623529,1,0.960858584
DANBOREN2006OK2,2006,OK,DAN,BOREN,2,DAN BOREN,D,624425,1,1
FRANKLUCAS2006OK3,2006,OK,FRANK,LUCAS,3,FRANK D LUCAS,R,378565,1,0.968187026
SUEBARTON2006OK3,2006,OK,SUE,BARTON,3,SUE BARTON,D,12439,0,0.031812974
TOMCOLE2006OK4,2006,OK,TOM,COLE,4,TOM COLE,R,601974,1,0.981819249
HALSPAKE2006OK4,2006,OK,HAL,SPAKE,4,HAL SPAKE,D,11147,0,0.018180751
MARYFALLIN2006OK5,2006,OK,MARY,FALLIN,5,MARY FALLIN,R,1007400,1,0.813287736
PAULHUNTER2006OK5,2006,OK,PAUL,HUNTER,5,PAUL DAVID HUNTER,D,231276,0,0.186712264
DERRICKKITTS2006OR1,2006,OR,DERRICK,KITTS,1,DERRICK KITTS,R,103096,0,0.123243768
DAVIDWU2006OR1,2006,OR,DAVID,WU,1,DAVID WU,D,733425,1,0.876756232
GREGWALDEN2006OR2,2006,OR,GREG,WALDEN,2,GREG WALDEN,R,778525,1,0.981641312
EARLBLUMENAUER2006OR3,2006,OR,EARL,BLUMENAUER,3,EARL BLUMENAUER,D,535707,1,0.999067524
PETERDEFAZIO2006OR4,2006,OR,PETER,DEFAZIO,4,PETER DEFAZIO,D,437477,1,0.604458722
JAMESFELDKAMP2006OR4,2006,OR,JAMES,FELDKAMP,4,JAMES LEE FELDKAMP,R,286273,0,0.395541278
MIKEERICKSON2006OR5,2006,OR,MIKE,ERICKSON,5,MIKE ERICKSON,R,139425,0,0.111210018
ROBERTBRADY2006PA1,2006,PA,ROBERT,BRADY,1,ROBERT A BRADY,D,471132,1,1
DONSHERWOOD2006PA10,2006,PA,DON,SHERWOOD,10,DON SHERWOOD,R,1046474,0,0.558242727
PAULKANJORSKI2006PA11,2006,PA,PAUL,KANJORSKI,11,PAUL E KANJORSKI,D,842290,1,0.997631146
DIANAIREY2006PA12,2006,PA,DIANA,IREY,12,DIANA LYNN IREY,R,255769,0,0.124905077
RAJBHAKTA2006PA13,2006,PA,RAJ,BHAKTA,13,RAJ PETER BHAKTA,R,320757,0,0.153107136
MIKEDOYLE2006PA14,2006,PA,MIKE,DOYLE,14,MIKE DOYLE,D,573383,1,1
CHARLIEDENT2006PA15,2006,PA,CHARLIE,DENT,15,CHARLIE DENT,R,758043,1,0.92414628
JOEPITTS2006PA16,2006,PA,JOE,PITTS,16,JOE PITTS,R,358208,1,0.674633263
LOISHERR2006PA16,2006,PA,LOIS,HERR,16,LOIS K HERR,D,172759,0,0.325366737
TIMHOLDEN2006PA17,2006,PA,TIM,HOLDEN,17,TIM HOLDEN,D,658925,1,0.996747722
CHADKLUKO2006PA18,2006,PA,CHAD,KLUKO,18,CHAD KLUKO,D,43575,0,0.046464041
TIMMURPHY2006PA18,2006,PA,TIM,MURPHY,18,TIM MURPHY,R,894247,1,0.953535959
TODDPLATTS2006PA19,2006,PA,TODD,PLATTS,19,TODD PLATTS,R,166275,1,0.676941053
PHILIPAVILLO2006PA19,2006,PA,PHILIP,AVILLO,19,PHILIP J AVILLO JR,D,79352,0,0.323058947
CHAKAFATTAH2006PA2,2006,PA,CHAKA,FATTAH,2,CHAKA FATTAH,D,693501,1,1
PHILENGLISH2006PA3,2006,PA,PHIL,ENGLISH,3,PHIL ENGLISH,R,893605,1,0.962381601
STEVEPORTER2006PA3,2006,PA,STEVE,PORTER,3,STEVE PORTER,D,34930,0,0.037618399
MELISSAHART2006PA4,2006,PA,MELISSA,HART,4,MELISSA HART,R,1300416,0,0.69877045
JASONALTMIRE2006PA4,2006,PA,JASON,ALTMIRE,4,JASON ALTMIRE,D,560590,1,0.30122955
JOHNPETERSON2006PA5,2006,PA,JOHN,PETERSON,5,JOHN E PETERSON,R,354684,1,0.998873506
CURTWELDON2006PA7,2006,PA,CURT,WELDON,7,CURT WELDON,R,1496771,0,0.465248225
JOESESTAK2006PA7,2006,PA,JOE,SESTAK,7,JOE SESTAK,D,1720374,1,0.534751775
BILLSHUSTER2006PA9,2006,PA,BILL,SHUSTER,9,BILL SHUSTER,R,555159,1,0.976256504
JIMLANGEVIN2006RI2,2006,RI,JIM,LANGEVIN,2,JIM LANGEVIN,D,562485,1,0.982189162
HENRYBROWN2006SC1,2006,SC,HENRY,BROWN,1,HENRY BROWN,R,421007,1,0.941182651
RANDALMAATTA2006SC1,2006,SC,RANDAL,MAATTA,1,RANDAL G MAATTA,D,26310,0,0.058817349
JOEWILSON2006SC2,2006,SC,JOE,WILSON,2,JOE WILSON,R,536244,1,1
GRESHAMBARRETT2006SC3,2006,SC,GRESHAM,BARRETT,3,GRESHAM BARRETT,R,620132,1,0.988152659
JOHNCOBIN2006SC4,2006,SC,JOHN,COBIN,4,JOHN COBIN,I,9690,0,0.02832174
BOBINGLIS2006SC4,2006,SC,BOB,INGLIS,4,BOB INGLIS,R,308500,1,0.901677676
WILLIAMGRIFFITH2006SC4,2006,SC,WILLIAM,GRIFFITH,4,WILLIAM I GRIFFITH,D,23950,0,0.070000585
JOHNSPRATT2006SC5,2006,SC,JOHN,SPRATT,5,JOHN M SPRATT JR,D,1428027,1,0.621220815
RALPHNORMAN2006SC5,2006,SC,RALPH,NORMAN,5,RALPH NORMAN,R,870716,0,0.378779185
JAMESCLYBURN2006SC6,2006,SC,JAMES,CLYBURN,6,JAMES E CLYBURN,D,735160,1,1
BRUCEWHALEN2006SD1,2006,SD,BRUCE,WHALEN,1,BRUCE W WHALEN,R,68055,0,0.070682039
STEPHANIESANDLIN2006SD1,2006,SD,STEPHANIE,SANDLIN,1,STEPHANIE HERSETH SANDLIN,D,894778,1,0.929317961
RICKTRENT2006TN1,2006,TN,RICK,TRENT,1,RICK TRENT,D,21097,0,0.070984196
DAVIDDAVIS2006TN1,2006,TN,DAVID,DAVIS,1,DAVID DAVIS,R,276110,1,0.929015804
JOHNDUNCAN2006TN2,2006,TN,JOHN,DUNCAN,2,JOHN J DUNCAN JR,R,481842,1,1
ZACHWAMP2006TN3,2006,TN,ZACH,WAMP,3,ZACH WAMP,R,707249,1,0.987158891
BRENTBENEDICT2006TN3,2006,TN,BRENT,BENEDICT,3,BRENT HOWARD BENEDICT,D,9200,0,0.012841109
LINCOLNDAVIS2006TN4,2006,TN,LINCOLN,DAVIS,4,LINCOLN DAVIS,D,467992,1,1
JIMCOOPER2006TN5,2006,TN,JIM,COOPER,5,JIM COOPER,D,451670,1,0.988639846
VIRGINIAWELSCH2006TN5,2006,TN,VIRGINIA,WELSCH,5,VIRGINIA WELSCH,I,5190,0,0.011360154
BARTGORDON2006TN6,2006,TN,BART,GORDON,6,BART GORDON,D,647318,1,1
MARSHABLACKBURN2006TN7,2006,TN,MARSHA,BLACKBURN,7,MARSHA BLACKBURN,R,664586,1,0.950513883
BILLMORRISON2006TN7,2006,TN,BILL,MORRISON,7,BILL MORRISON,D,34600,0,0.049486117
JOHNTANNER2006TN8,2006,TN,JOHN,TANNER,8,JOHN TANNER,D,673944,1,1
JAKEFORD2006TN9,2006,TN,JAKE,FORD,9,JAKE FORD,I,24550,0,0.044803031
STEVECOHEN2006TN9,2006,TN,STEVE,COHEN,9,STEVE COHEN,D,485128,1,0.88534439
HOYTWHITE2006TN9,2006,TN,HOYT,WHITE,9,HOYT MARK WHITE,R,38276,0,0.069852579
LOUISGOHMERT2006TX1,2006,TX,LOUIS,GOHMERT,1,LOUIS B GOHMERT JR,R,619671,1,0.999354913
MICHAELBADNARIK2006TX10,2006,TX,MICHAEL,BADNARIK,10,MICHAEL BADNARIK,I,208608,0,0.218216738
MICHAELMCCAUL2006TX10,2006,TX,MICHAEL,MCCAUL,10,MICHAEL MCCAUL,R,721999,1,0.75525515
TEDANKRUM2006TX10,2006,TX,TED,ANKRUM,10,TED ANKRUM,D,25360,0,0.026528112
MIKECONAWAY2006TX11,2006,TX,MIKE,CONAWAY,11,MIKE CONAWAY,R,640096,1,1
KAYGRANGER2006TX12,2006,TX,KAY,GRANGER,12,KAY GRANGER,R,731404,1,0.992153969
MACTHORNBERRY2006TX13,2006,TX,MAC,THORNBERRY,13,MAC THORNBERRY,R,430550,1,0.975021514
RONPAUL2006TX14,2006,TX,RON,PAUL,14,RON PAUL,R,440156,1,0.566071174
SHANESKLAR2006TX14,2006,TX,SHANE,SKLAR,14,SHANE SKLAR,D,337407,0,0.433928826
RUBENHINOJOSA2006TX15,2006,TX,RUBEN,HINOJOSA,15,RUBEN HINOJOSA,D,445998,1,0.99709366
SILVESTREREYES2006TX16,2006,TX,SILVESTRE,REYES,16,SILVESTRE REYES,D,434821,1,1
VANTAYLOR2006TX17,2006,TX,VAN,TAYLOR,17,VAN TAYLOR,R,991399,0,0.35259082
SHEILALEE2006TX18,2006,TX,SHEILA,LEE,18,SHEILA JACKSON LEE,D,252075,1,1
ROBERTRICKETTS2006TX19,2006,TX,ROBERT,RICKETTS,19,ROBERT RICKETTS,D,37333,0,0.047662455
RANDYNEUGEBAUER2006TX19,2006,TX,RANDY,NEUGEBAUER,19,RANDY NEUGEBAUER,R,745946,1,0.952337545
TEDPOE2006TX2,2006,TX,TED,POE,2,TED POE,R,619280,1,0.99862932
CHARLIEGONZALEZ2006TX20,2006,TX,CHARLIE,GONZALEZ,20,CHARLIE A GONZALEZ,D,543050,1,1
TOMMYCALVERT2006TX21,2006,TX,TOMMY,CALVERT,21,TOMMY RAY CALVERT JR,I,10365,0,0.010465902
JOHNCOURAGE2006TX21,2006,TX,JOHN,COURAGE,21,JOHN COURAGE,D,144343,0,0.145748158
LAMARSMITH2006TX21,2006,TX,LAMAR,SMITH,21,LAMAR SMITH,R,835351,1,0.84348302
SHELLEYSEKULAGIBBS2006TX22,2006,TX,SHELLEY,SEKULAGIBBS,22,SHELLEY SEKULAGIBBS,R,548302,0,0.204316453
BOBSMITHER2006TX22,2006,TX,BOB,SMITHER,22,BOB SMITHER,I,17500,0,0.006521111
LUKINGILLILAND2006TX23,2006,TX,LUKIN,GILLILAND,23,LUKIN GILLILAND JR,D,211214,0,0.057962145
CIRORODRIGUEZ2006TX23,2006,TX,CIRO,RODRIGUEZ,23,CIRO D RODRIGUEZ,D,1008074,0,0.276639483
ALBERTURESTI2006TX23,2006,TX,ALBERT,URESTI,23,ALBERT URESTI,D,34212,0,0.009388587
KENNYMARCHANT2006TX24,2006,TX,KENNY,MARCHANT,24,KENNY MARCHANT,R,509867,1,0.992466963
GRANTROSTIG2006TX25,2006,TX,GRANT,ROSTIG,25,GRANT ROSTIG,R,1300,0,0.002168593
LLOYDDOGGETT2006TX25,2006,TX,LLOYD,DOGGETT,25,LLOYD DOGGETT,D,598167,1,0.997831407
MICHAELBURGESS2006TX26,2006,TX,MICHAEL,BURGESS,26,MICHAEL BURGESS,R,641058,1,0.998287026
SOLOMONORTIZ2006TX27,2006,TX,SOLOMON,ORTIZ,27,SOLOMON P ORTIZ,D,435150,1,0.995424911
WILLIAMVADEN2006TX27,2006,TX,WILLIAM,VADEN,27,WILLIAM ROSS VADEN,R,2000,0,0.004575089
HENRYCUELLAR2006TX28,2006,TX,HENRY,CUELLAR,28,HENRY CUELLAR,D,1054768,1,0.964687418
FRANKENRIQUEZ2006TX28,2006,TX,FRANK,ENRIQUEZ,28,FRANK ENRIQUEZ,D,38610,0,0.035312582
GENEGREEN2006TX29,2006,TX,GENE,GREEN,29,GENE GREEN,D,566281,1,0.981511332
ERICSTORY2006TX29,2006,TX,ERIC,STORY,29,ERIC STORY,R,10667,0,0.018488668
SAMJOHNSON2006TX3,2006,TX,SAM,JOHNSON,3,SAM JOHNSON,R,695553,1,0.984094398
DANIELDODD2006TX3,2006,TX,DANIEL,DODD,3,DANIEL A DODD,D,11242,0,0.015905602
EDDIEJOHNSON2006TX30,2006,TX,EDDIE,JOHNSON,30,EDDIE BERNICE JOHNSON,D,247630,1,0.951033105
WILSONAURBACH2006TX30,2006,TX,WILSON,AURBACH,30,WILSON AURBACH,R,12750,0,0.048966895
MARYHARRELL2006TX31,2006,TX,MARY,HARRELL,31,MARY BETH HARRELL,D,81771,0,0.141695157
JOHNCARTER2006TX31,2006,TX,JOHN,CARTER,31,JOHN CARTER,R,495320,1,0.858304843
PETESESSIONS2006TX32,2006,TX,PETE,SESSIONS,32,PETE SESSIONS,R,1079686,1,0.754060189
WILLPRYOR2006TX32,2006,TX,WILL,PRYOR,32,WILL PRYOR,D,352144,0,0.245939811
RALPHHALL2006TX4,2006,TX,RALPH,HALL,4,RALPH HALL,R,517110,1,0.934845883
GLENNMELANCON2006TX4,2006,TX,GLENN,MELANCON,4,GLENN MELANCON,D,36040,0,0.065154117
JEBHENSARLING2006TX5,2006,TX,JEB,HENSARLING,5,JEB HENSARLING,R,959821,1,0.990403675
JAMESHENLEY2006TX7,2006,TX,JAMES,HENLEY,7,JAMES BERK HENLEY,D,52969,0,0.099440741
JOHNCULBERSON2006TX7,2006,TX,JOHN,CULBERSON,7,JOHN CULBERSON,R,479700,1,0.900559259
KEVINBRADY2006TX8,2006,TX,KEVIN,BRADY,8,KEVIN BRADY,R,352780,1,1
ALGREEN2006TX9,2006,TX,AL,GREEN,9,AL GREEN,D,385692,1,1
ROBBISHOP2006UT1,2006,UT,ROB,BISHOP,1,ROB BISHOP,R,220204,1,0.932313255
STEVENOLSEN2006UT1,2006,UT,STEVEN,OLSEN,1,STEVEN OLSEN,D,12300,0,0.052076497
JIMMATHESON2006UT2,2006,UT,JIM,MATHESON,2,JIM MATHESON,D,1146477,1,0.884044091
LAVARCHRISTENSEN2006UT2,2006,UT,LAVAR,CHRISTENSEN,2,LAVAR CHRISTENSEN,R,150378,0,0.115955909
CHRISCANNON2006UT3,2006,UT,CHRIS,CANNON,3,CHRIS CANNON,R,670409,1,0.937380627
JIMNOORLANDER2006UT3,2006,UT,JIM,NOORLANDER,3,JIM NOORLANDER,I,10585,0,0.01480018
CHRISTIANBURRIDGE2006UT3,2006,UT,CHRISTIAN,BURRIDGE,3,CHRISTIAN BURRIDGE,D,34200,0,0.047819193
PETEASHDOWN2006UTS,2006,UT,PETE,ASHDOWN,S,PETE ASHDOWN,D,60271,0,0.016048972
SCOTTBRADLEY2006UTS,2006,UT,SCOTT,BRADLEY,S,SCOTT N BRADLEY,I,9257,0,0.002464956
SHAWNODONNELL2006VA1,2006,VA,SHAWN,ODONNELL,1,SHAWN MICHAEL ODONNELL,D,41390,0,0.099611086
JODAVIS2006VA1,2006,VA,JO,DAVIS,1,JO ANN DAVIS,R,365726,1,0.880173086
FRANKWOLF2006VA10,2006,VA,FRANK,WOLF,10,FRANK WOLF,R,966635,1,0.498081892
JUDITHFEDER2006VA10,2006,VA,JUDITH,FEDER,10,JUDITH FEDER,D,971476,0,0.500576334
ANDREWHURST2006VA11,2006,VA,ANDREW,HURST,11,ANDREW HURST,D,173364,0,0.100284488
TOMDAVIS2006VA11,2006,VA,TOM,DAVIS,11,TOM DAVIS,R,1555358,1,0.899715512
THELMADRAKE2006VA2,2006,VA,THELMA,DRAKE,2,THELMA DRAKE,R,1439855,1,0.585282643
PHILKELLAM2006VA2,2006,VA,PHIL,KELLAM,2,PHIL KELLAM,D,1020247,0,0.414717357
BOBBYSCOTT2006VA3,2006,VA,BOBBY,SCOTT,3,BOBBY SCOTT,D,239115,1,1
RANDYFORBES2006VA4,2006,VA,RANDY,FORBES,4,RANDY FORBES,R,349697,1,1
ALWEED2006VA5,2006,VA,AL,WEED,5,AL WEED,D,324768,0,0.400306176
VIRGILGOODE2006VA5,2006,VA,VIRGIL,GOODE,5,VIRGIL GOODE,R,486531,1,0.599693824
BOBGOODLATTE2006VA6,2006,VA,BOB,GOODLATTE,6,BOB GOODLATTE,R,765632,1,1
JIMNACHMAN2006VA7,2006,VA,JIM,NACHMAN,7,JIM NACHMAN,D,44896,0,0.021072107
WBLANTON2006VA7,2006,VA,W,BLANTON,7,W BRAD BLANTON,I,22052,0,0.01035019
THOMASODONOGHUE2006VA8,2006,VA,THOMAS,ODONOGHUE,8,THOMAS ODONOGHUE,R,29800,0,0.028882098
JIMMORAN2006VA8,2006,VA,JIM,MORAN,8,JIM MORAN,D,1000481,1,0.969664105
RICKBOUCHER2006VA9,2006,VA,RICK,BOUCHER,9,RICK BOUCHER,D,880584,1,0.957006729
CHARLESCARRICO2006VA9,2006,VA,CHARLES,CARRICO,9,CHARLES W CARRICO,R,39560,0,0.042993271
PETERWELCH2006VT1,2006,VT,PETER,WELCH,1,PETER WELCH,D,1129774,1,0.61300448
MARTHARAINVILLE2006VT1,2006,VT,MARTHA,RAINVILLE,1,MARTHA T RAINVILLE,R,713237,0,0.38699552
RICHARDTARRANT2006VTS,2006,VT,RICHARD,TARRANT,S,RICHARD E TARRANT,R,37800,0,0.023544757
BERNIESANDERS2006VTS,2006,VT,BERNIE,SANDERS,S,BERNIE SANDERS,I,1567653,1,0.976455243
LARRYISHMAEL2006WA1,2006,WA,LARRY,ISHMAEL,1,LARRY ISHMAEL,R,15822,0,0.026962914
JAYINSLEE2006WA1,2006,WA,JAY,INSLEE,1,JAY INSLEE,D,570984,1,0.973037086
RICKLARSEN2006WA2,2006,WA,RICK,LARSEN,2,RICK LARSEN,D,762669,1,0.653409743
DOUGLASROULSTONE2006WA2,2006,WA,DOUGLAS,ROULSTONE,2,DOUGLAS ROBERT ROULSTONE,R,404545,0,0.346590257
MICHAELMESSMORE2006WA3,2006,WA,MICHAEL,MESSMORE,3,MICHAEL HENRY MESSMORE,R,31480,0,0.05840001
BRIANBAIRD2006WA3,2006,WA,BRIAN,BAIRD,3,BRIAN BAIRD,D,507561,1,0.94159999
DOCHASTINGS2006WA4,2006,WA,DOC,HASTINGS,4,DOC HASTINGS,R,320144,1,0.825764649
RICHARDWRIGHT2006WA4,2006,WA,RICHARD,WRIGHT,4,RICHARD WRIGHT,D,67550,0,0.174235351
CATHYRODGERS2006WA5,2006,WA,CATHY,RODGERS,5,CATHY MCMORRIS RODGERS,R,966042,1,0.600029068
PETERGOLDMARK2006WA5,2006,WA,PETER,GOLDMARK,5,PETER JAMES GOLDMARK,D,643950,0,0.399970932
NORMDICKS2006WA6,2006,WA,NORM,DICKS,6,NORM DICKS,D,644184,1,1
JIMMCDERMOTT2006WA7,2006,WA,JIM,MCDERMOTT,7,JIM MCDERMOTT,D,333486,1,0.940435636
LINNEANOREEN2006WA7,2006,WA,LINNEA,NOREEN,7,LINNEA S NOREEN,I,13080,0,0.036885801
STEVEBEREN2006WA7,2006,WA,STEVE,BEREN,7,STEVE BEREN,R,8042,0,0.022678563
STEVENCOFCHIN2006WA9,2006,WA,STEVEN,COFCHIN,9,STEVEN CHARLES COFCHIN,R,15285,0,0.034804528
ADAMSMITH2006WA9,2006,WA,ADAM,SMITH,9,ADAM SMITH,D,423882,1,0.965195472
BRUCEGUTHRIE2006WAS,2006,WA,BRUCE,GUTHRIE,S,BRUCE MACCLEMENT GUTHRIE,I,50220,0,0.003850306
AARONDIXON2006WAS,2006,WA,AARON,DIXON,S,AARON L DIXON,I,26843,0,0.00205802
PAULRYAN2006WI1,2006,WI,PAUL,RYAN,1,PAUL RYAN,R,769054,1,1
DAVIDMAGNUM2006WI2,2006,WI,DAVID,MAGNUM,2,DAVID MAGNUM,R,205885,0,0.265299995
TAMMYBALDWIN2006WI2,2006,WI,TAMMY,BALDWIN,2,TAMMY BALDWIN,D,570161,1,0.734700005
PAULNELSON2006WI3,2006,WI,PAUL,NELSON,3,PAUL R NELSON,R,73202,0,0.123669366
RONKIND2006WI3,2006,WI,RON,KIND,3,RON KIND,D,518715,1,0.876330634
PERFECTORIVERA2006WI4,2006,WI,PERFECTO,RIVERA,4,PERFECTO RIVERA,R,5500,0,0.014189886
GWENMOORE2006WI4,2006,WI,GWEN,MOORE,4,GWEN MOORE,D,382100,1,0.985810114
BRYANKENNEDY2006WI5,2006,WI,BRYAN,KENNEDY,5,BRYAN L KENNEDY,D,136881,0,0.206894206
FSENSENBRENNER2006WI5,2006,WI,F,SENSENBRENNER,5,F JAMES SENSENBRENNER JR,R,522718,1,0.790082815
TOMPETRI2006WI6,2006,WI,TOM,PETRI,6,TOM PETRI,R,411647,1,1
DAVIDOBEY2006WI7,2006,WI,DAVID,OBEY,7,DAVID R OBEY,D,744505,1,0.900885149
NICKREID2006WI7,2006,WI,NICK,REID,7,NICK REID,R,81910,0,0.099114851
JOHNGARD2006WI8,2006,WI,JOHN,GARD,8,JOHN GARD,R,1510247,0,0.775233841
STEVEKAGEN2006WI8,2006,WI,STEVE,KAGEN,8,STEVE KAGEN,D,437871,1,0.224766159
RAEVOGELER2006WIS,2006,WI,RAE,VOGELER,S,RAE SHARLENE VOGELER,I,10675,0,0.115129096
CHRISWAKIM2006WV1,2006,WV,CHRIS,WAKIM,1,CHRIS WAKIM,R,427552,0,0.332654878
ALANMOLLOHAN2006WV1,2006,WV,ALAN,MOLLOHAN,1,ALAN B MOLLOHAN,D,857720,1,0.667345122
SHELLEYCAPITO2006WV2,2006,WV,SHELLEY,CAPITO,2,SHELLEY MOORE CAPITO,R,1474234,1,0.811066383
MIKECALLAGHAN2006WV2,2006,WV,MIKE,CALLAGHAN,2,MIKE O CALLAGHAN,D,343415,0,0.188933617
NICKRAHALL2006WV3,2006,WV,NICK,RAHALL,3,NICK RAHALL,D,345307,1,0.902157243
KIMWOLFE2006WV3,2006,WV,KIM,WOLFE,3,KIM WOLFE,R,37450,0,0.097842757
JOHNRAESE2006WVS,2006,WV,JOHN,RAESE,S,JOHN R RAESE,R,472360,0,0.205142815
BARBARACUBIN2006WY1,2006,WY,BARBARA,CUBIN,1,BARBARA CUBIN,R,835781,1,0.599139479
GARYTRAUNER2006WY1,2006,WY,GARY,TRAUNER,1,GARY TRAUNER,D,559188,0,0.400860521
CRAIGTHOMAS2006WYS,2006,WY,CRAIG,THOMAS,S,CRAIG THOMAS,R,1121351,1,0.976190497
DALEGROUTAGE2006WYS,2006,WY,DALE,GROUTAGE,S,DALE F GROUTAGE,D,27350,0,0.023809503